title,thumbnail,short_content,write_time,link,company
李 지지율 2주 연속 상승해 37.9%… “김승원 사퇴·강훈식 사의 인적 쇄신 의지 평가”,https://img.seoul.co.kr/img/upload/2026/09/28/SSC_20260928082907_N1.jpg.webp,"이재명 대통령의 국정수행 지지율이 2주 연속 상승해 30% 중후반대로 올라섰다는 여론조사 결과가 28일 나왔다. 리얼미터가 에너지경제신문 의뢰로 지난 21일부터 23일까지 전국 18세 이상 유권자 1508명을 대상으로 실시한 조사 결과 이 대통령의 국정수행에 대한 긍정평가는 한 주 전보다 3.1%포인트 오른 37.9%로 집계됐다. 같은 기간 부정평가는 3.3%포인트 하락한 60.1%를 기록했다. ‘잘 모름’은 2.0%였다. 권역별로 보면 긍정평가는 전주 대비 전남광주·전북(13.7%포인트↑), 대전·세종·충청(6.9%포인트↑), 부산·울산·경남(5.9%포인트↑), 서울(1.5%포인트↑) 등에서 상승세를 보였다. 반면 대구·경북(2.3%포인트↓), 인천·경기(1.1%포인트↓)에서는 하락했다. 연령대별로는 50대(6.7%포인트↑), 70대 이상(4.8%포인트↑), 40대(4.2%포인트↑), 30대(1.6%포인트↑) 등에서 올랐다. 이념성향별로는 중도층과 보수층에서 각각 4.2%포인트, 3.7%포인트 상승했다. 리얼미터는 “지난주 대국민 기자회견을 통한 소통 행보와 유엔총회·한미정상회담 등 순방 외교가 긍정적으로 작용했다”며 “논란이 됐던 김승원 법무부 장",2026-09-28,https://www.seoul.co.kr/news/politics/2026/09/28/20260928500009,서울신문
뻥 뚫린 내 정보… 6년간 1억 4000만건 유출됐다,,"쿠팡·SK텔레콤·티빙 등에서 대규모 개인정보 유출 사고가 잇따르는 가운데 개인정보보호위원회 출범 이후 6년간 확인된 개인정보 유출 규모가 1억 4000만 건에 달한 것으로 나타났다. 하루 평균 6만 5000건꼴로 개인정보가 새어 나간 셈이다. 27일 국회 정무위원회 소속 박성훈 국민의힘 의원이 개인정보위에서 받은 자료를 분석한 결과, 2020년 9월부터 올해 7월까지 개인정보보호법 위반으로 처분받은 사례는 1821건이었다. 이 가운데 실제 개인정보 유출이 확인된 사건은 641건으로, 유출된 개인정보는 총 1억 3963만 7474건이었다. 유출 원인은 외부 해킹이 276건으로 가장 많았지만, 업무 과실도 275건으로 불과 한 건 차이에 그쳤다. 시스템 오류가 62건, 내부 직원의 고의 유출이 14건으로 뒤를 이었다. 외부 공격뿐 아니라 개인정보를 다루는 과정에서의 실수와 허술한 관리 체계도 유출의 큰 원인이었던 것이다. 대형 사고 한 번에 수천만 건이 유출된 사례도 적지 않았다. 쿠팡에서 3322만 2472건, SK텔레콤에서 3164만 4648건의 개인정보가 유출됐고, 인크루트 727만 5843건, 스타일쉐어 640만 1건, 브랜디 639만 5270건 등도",2026-09-28,https://www.seoul.co.kr/news/economy/2026/09/28/20260928031002,서울신문
추석 밥상 달군 ‘농지 전쟁’… 與 “죄송스럽다” 野 “수탈 멈춰라”,https://img.seoul.co.kr/img/upload/2026/09/27/SSC_20260927172834_N1.jpg.webp,"민주당, 농민 불안감 달래기 주력 野 “서민·청년 인내심 한계” 맹공 여야는 연휴 마지막 날인 27일 추석 명절 청취한 엇갈린 민심을 전하며 정국 주도권 경쟁을 벌였다. ‘민생 올인’을 강조한 더불어민주당은 부동산 정책에 대해선 민심을 반영해 보완하겠다고 했고, 농지 전수조사로 인한 불편함에는 “죄송하다”며 몸을 한껏 낮췄다. 반면 국민의힘은 이번 추석 민심을 ‘일촉즉발’로 표현하며 이재명 정부를 향해 “농지 수탈, 부동산 수탈을 즉각 중지하라”고 했다. 권칠승 민주당 정책위의장은 이날 국회에서 추석 민심 기자간담회를 열고 “연휴 기간 가장 무겁게 들은 말씀은 역시 민생이었다”며 “이번 정기국회 대원칙은 민생 올인 정책 국회”라고 강조했다. 이어 “수출과 경제성장의 온기가 골고루 퍼지지 못한 것 같다”며 “이런 것들이 정책을 담당하는 정부·여당에 뼈아픈 부분”이라고 했다. 권 의장은 추석 밥상머리를 달군 농지 전수조사와 관련해선 “여러 불편함을 느끼는 분들이 많이 계셨을 것”이라며 “저도 인정하고 그 부분에 대해 매우 죄송스럽게 생각한다”고 했다. 연휴 기간 지역 주민들을 만난 여당 의원들도 농지 조사에 대한 농민 불안감을 달래는 데 주력했다. 재선 A의",2026-09-28,https://www.seoul.co.kr/news/politics/2026/09/28/20260928008004,서울신문
멕시코 K팝 팬덤 150명 ‘칼군무’… 李부부 손가락 하트로 응원,https://img.seoul.co.kr/img/upload/2026/09/27/SSC_20260927182813_N1.jpg.webp,"李대통령 ‘스키즈’ 콘서트도 관람 “문화로 사람뿐 아니라 국가 연결” 김 여사 ‘방버지’ 언급해 현지 화제 K뷰티·모빌리티 산업 외교 병행 “K팝을 통해 누군가를 행복하게 하는 댄서와 가수가 되기를 바랍니다.” 멕시코를 국빈 방문한 이재명 대통령과 김혜경 여사는 지난 25일(현지시간) 멕시코시티 세계무역센터(WTC)에서 열린 현지 2026 멕시코 K 박람회의 ‘랜덤 플레이 댄스’ 현장을 깜짝 방문한 뒤 참가자들을 향해 이같이 말했다. 문화체육관광부와 한국콘텐츠진흥원이 주최하고 서울신문이 주관한 이 행사에는 멕시코 현지 댄스팀과 K팝 팬 등 150여명이 참가해 뜨거운 열기를 뿜어냈다. 참가자들의 뜨거운 호응을 받으며 행사장에 들어선 이 대통령은 참가자들에게 스페인어로 “올라”(안녕)라고 인사를 건넸다. 이어 “K팝을 사랑하는 여러분을 뵙게 돼 정말 기쁘다”며 참가자들을 격려했다. 김 여사도 “지난 5월 BTS가 멕시코를 방문했을 때 여러분의 뜨거운 함성과 열기에 깜짝 놀랐다고 들었다”며 멕시코 팬들의 각별한 K팝 사랑에 감사를 표했다. 진행을 맡은 멕시코 출신 방송인 크리스티안 부르고스의 안내로 이 대통령 부부가 음악 재생 버튼을 누르자, 세븐틴의 유닛그룹",2026-09-28,https://www.seoul.co.kr/news/politics/2026/09/28/20260928002002,서울신문
與 “정치판 선 조희대”… 野 “청와대 ‘양김’ 나와라”,https://img.seoul.co.kr/img/upload/2026/09/27/SSC_20260927111807_N1.jpg.webp,"추석 연휴를 맞아 각각 민심을 확인한 여야가 본격적인 국정감사 채비에 나선다. 더불어민주당은 청와대와 전면전을 택한 조희대 대법원장을 조준했고, 국민의힘은 김용범 전 청와대 정책실장과 김현지 청와대 제1부속실장 등 이른바 ‘양김(김용범·김현지)’을 벼르고 있다. 민주당은 27일에도 조 대법원장을 겨냥했다. 박성준 수석대변인은 추석 민심 기자회견에서 “시민들은 조 대법원장이 법조인이 아닌 정치인의 길을 걷는 모습이라고 입을 모았다”고 주장했다. 이용우 민주당 대변인은 국회 브리핑에서 “법원행정처 등의 의견도 모두 묵살한 독단적 결정이라는 주장이 제기됐다”며 “법원행정처장의 재제청 결론 보고에 조 대법원장이 격노했다는 것”이라고 주장했다. 민주당은 28일 국회 법제사법위원회 현안질의에서 조 대법원장에 대한 재압박을 시도한다. 다만 조 대법원장의 국정감사 일반증인 채택 강행 여부는 결론을 내지 못했다. 민주당은 신중론을 유지하고 있지만 범여권에서는 ‘조희대 탄핵’도 계속 언급되고 있다. 차규근 조국혁신당 최고위원은 “민주당에서 그런 결정(탄핵 추진)을 한다면 혁신당이 동의하지 않을 이유가 없다”고 말했다. 국민의힘은 코스피 변동성을 키운 단일 종목 레버리지 E",2026-09-28,https://www.seoul.co.kr/news/politics/2026/09/28/20260928008003,서울신문
조희대 충돌·여권 분열… 李 인적 쇄신으로 돌파구 찾나,https://img.seoul.co.kr/img/upload/2026/09/28/SSC_20260928002103_N1.jpg.webp,"“개혁 저절로 안돼… 국민 참여 필요” 정책·비서실장 인선 곧 단행할 듯 ‘내란 특수본’ 구성 지시할 가능성도 靑, 유시민 겨냥 “檢 개혁 의지 왜곡” “트럼프, 연설 미루고 30분 한미회담” 이재명 대통령이 5박 7일간 미국·멕시코 순방 일정을 마치고 27일 귀국했다. 한미 ‘깜짝 정상회담’을 비롯해 7년을 끌어온 멕시코와의 투자보장협정 개정이라는 굵직한 성과를 만들었지만, 귀국한 이 대통령 앞에는 인적 쇄신과 대법관 재제청 논란, 여권 분열 등 해결해야 할 과제가 만만찮다. 청와대 관계자는 26일(현지시간) 미국 알래스카주 앵커리지에서 기자들과 만나 “도널드 트럼프 미 대통령은 당초 이 대통령과 10분 정도 회담하려 했는데, 트럼프 대통령이 유엔 총회 리셉션 기조연설을 미루면서 우리 정상과 회담을 연장해 30분간 진행됐다”고 뒷이야기를 전했다. 또 이 대통령이 트럼프 대통령에게 오는 12월 미 마이애미에서 열리는 주요 20개국(G20) 정상회의를 언급하며 골프 회동을 제안하자, 트럼프 대통령이 수지 와일스 백악관 비서실장에게 “일정을 잡으라”고 지시했다고 밝혔다. 순방 일정을 마친 이 대통령은 26일 경유지인 앵커리지에서 기자단과 즉석 차담회를 가",2026-09-28,https://www.seoul.co.kr/news/politics/president/2026/09/28/20260928003003,서울신문
"정부, 北포로 송환 공개에 유감 표명… 우크라 내부도 “정치쇼”",https://img.seoul.co.kr/img/upload/2026/09/27/SSC_20260927172804_N1.jpg.webp,"李 “송환 비공개 합의 어겨 아쉬워” 野 “김정은 불쾌할까 숨긴 것” 반발 與는 “비공개가 당연한 조치” 엄호 박지원 “정부가 여당 무시” 지적도 볼로디미르 젤렌스키 우크라이나 대통령이 북한군 포로 2명의 한국 송환 사실을 일방적으로 공개하면서 비판이 쏟아지고 있다. 이재명 대통령은 “많이 아쉽다”며 공개적으로 유감을 표했고, 우크라이나 내부에서도 ‘정략적 이유’로 인도주의를 저버렸다는 지적이 나왔다. 이 대통령은 멕시코 국빈 방문 중인 지난 24일(현지시각) 엑스(X)에 올린 글에서 “비공개 합의를 어기고 공개한 우크라이나 측에 무슨 사정이 있는지는 모르나 많이 아쉽다”고 밝혔다. 특히 ‘우리 정부가 이를 숨겼다’는 야권의 비판에는 “소소한 자신의 이익을 위해 누군가의 생명과 국익 안보를 해치는 사람을 살인자나 매국노라 부른다”라고 강도 높게 비판했다. 우리 정부는 젤렌스키 대통령의 돌발 행동에 곤혹스러움을 감추지 못하고 있다. 국제법상 강제 송환 금지 원칙에 따라 북한군 포로를 본인 의사에 반해 북한으로 돌려보낼 수 없다. 특히 전쟁 포로를 북한으로 돌려보낼 경우 가혹한 처벌 가능성도 큰 상황이다. 이 때문에 비공개 합의를 고수했던 정부는 젤레스키 대",2026-09-28,https://www.seoul.co.kr/news/politics/2026/09/28/20260928005002,서울신문
‘DMZ 폭발’ 현장도 못 봤다,https://img.seoul.co.kr/img/upload/2026/09/27/SSC_20260927174258_N1.jpg.webp,"추가 폭발 우려 근접 지역서 멈춰 靑 “은폐 절대 있을 수 없다” 강조 폭발 지점까지 도달 못해 軍 “차후 추가 조사 시행” 합동참모본부와 유엔군사령부 군사정전위원회가 서부전선 비무장지대(DMZ) 내 지뢰 추정 폭발 사고 엿새 만인 27일 현장 조사에 나섰지만 사고 지점까지 도달하지 못했다. 이번 사고를 두고 야당이 북한 관련성 및 ‘고의적 조사 지연’ 의혹을 제기한 가운데 청와대는 “은폐는 절대 있을 수 없다”며 철저한 조사를 강조하며 추후 어떤 대응에 나설지 주목된다. 합참은 이날 조사 이후 언론 공지를 통해 “우리 군과 유엔사는 합동으로 DMZ 내 지뢰 추정 폭발 상황 관련 현장조사를 위해 폭발 발생 추정 지점 근접 지역까지 도달했다”며 “우리 군은 유엔사 인원들과 선두에서 지뢰탐지기 등을 운용해 9시쯤부터 일몰 시까지 DMZ 내 기동로에 대한 지뢰 정밀 탐색 및 추가적인 기동로 확장 등을 실시했다”고 밝혔다. 이어 “현장조사 지역은 DMZ 내 미확인 지뢰지대로 위험성이 높을 뿐 아니라 작전 수행 인원들의 피로도도 극심해 안전을 최우선으로 고려, 오늘 작전을 종료하고 차후 재시행하기로 했다”고 전했다. 이날 현장에 투입된 조사 인원은 우리 군 작전",2026-09-28,https://www.seoul.co.kr/news/politics/diplomacy/2026/09/28/20260928001003,서울신문
북러 밀착 과시하는 김정은… “방러 일정 조율 중”,,한미 정상회담을 계기로 도널드 트럼프 미 대통령의 북미 대화 의지가 재확인된 가운데 러시아 외교 당국이 김정은 북한 국무위원장의 방러를 조율 중이라고 밝혔다. 미중 정상회담에서도 한반도 문제가 논의된 상황에서 김 위원장이 러시아와 밀착하며 몸값을 높이는 듯한 모습이다. 27일 외교가에 따르면 러시아는 김 위원장을 초청하고 방문 시점을 외교 채널을 통해 조율 중인 것으로 알려졌다. 앞서 안드레이 루덴코 러시아 외무차관은 지난 24일(현지시간) “러시아는 언제나 조선민주주의인민공화국 지도자를 기쁘게 맞을 것”이라고 밝힌 바 있다. 외교가에서는 올해 7월 최선희 북한 외무상이 러시아를 방문하면서 김 위원장의 연내 방러를 위한 사전 조율 성격이 아니냐는 분석이 나왔다. 양국 일정이 성공적으로 조율되면 이번이 김 위원장의 세 번째 방러가 된다. 최근 북한은 주요 대미 협상 전에 러시아와의 밀착 관계를 과시하고 있다. 북러 협력을 통해 대미 협상력을 키우는 전략인 셈이다. 이번 방러 언급도 북미 대화가 꾸준히 거론되는 가운데 나온 만큼 실제 러시아 방문이 이뤄진다면 이 문제를 양국이 논의할 가능성이 크다. 이런 가운데 미중 정상회담에서도 한반도 문제가 논의됐다. 중국,2026-09-28,https://www.seoul.co.kr/news/politics/north/2026/09/28/20260928006003,서울신문
靑 “우크라의 ‘北포로 일방공개·허위공보’ 강력 유감…사과 요구”,https://img.seoul.co.kr/img/upload/2026/09/27/SSC_20260927234152_N1.jpg.webp,"청와대는 27일 북한군 포로 송환에 대해 비공개 합의 사실이 없었다는 우크라이나 정부 측 주장에 대해 “합의에 위반한 일방적 공개와 이에 이은 비공개 합의 사실이 없다는 허위 공보에 대해 강력한 유감을 표하며, 공식적인 해명과 사과를 요구한다”고 밝혔다. 성기홍 청와대 홍보소통수석은 이날 입장문을 내고 “우리 대통령의 사실에 기반한 정당한 공개 발언에 대해 우크라이나 대통령실 공보실이 비공개 합의가 없었다는 거짓 사실을 발표한 것은 양국 정부 간 신뢰를 심각하게 훼손하고, 양국의 우호 관계에 심대한 지장을 초래하는 행위”라며 이같이 밝혔다. 성 수석은 “북한군 포로의 한국 송환 문제는 국제적으로나 국내적으로 안보, 외교, 국방 및 인권에 관한 매우 민감한 문제로 오랫동안 치밀하게 논의돼 온 사안”이라고 설명했다. 앞서 볼로디미르 젤렌스키 우크라이나 대통령이 북한군 포로 2명의 한국 송환 사실을 공개하자 이재명 대통령은 젤렌스키 대통령의 발언을 두고 “비공개 합의를 어기고 공개했다. 많이 아쉽다”고 밝힌 바 있다. 성 수석은 “(우크라이나 정부는) 협의 과정에서 ‘한국 송환 시 다수의 자국 포로들과 교환할 기회를 포기했다는 국내 비난 여론이 있을 수",2026-09-27,https://www.seoul.co.kr/news/politics/2026/09/27/20260927500101,서울신문
"軍·유엔사, DMZ 폭발지점 도달 못 했다…“추가 조사 예정”",https://img.seoul.co.kr/img/upload/2026/09/27/SSC_20260927200749_N1.jpg.webp,"우리 군과 유엔군사령부가 서부전선 비무장지대(DMZ) 지뢰 추정 폭발 사고 엿새 만인 27일 사고 현장에 대한 조사에 돌입했다. 조사팀은 이날 기동로 확장 등을 통해 폭발 추정 지점 인근까지 접근했지만, 실제 사고 발생 지점에 도달하지 못해 추가 조사를 이어 가기로 했다. 합동참모본부(합참)는 이날 언론 공지를 통해 “우리 군과 유엔사는 오늘 합동으로 DMZ 내 지뢰 추정 폭발 상황 관련, 현장 조사를 위해 폭발 발생 추정 지점 근접 지역까지 도달했다”고 전했다. 군과 유엔사 인원은 선두에서 지뢰 탐지기 등을 운용하며 오전 9시쯤부터 일몰 때까지 DMZ 내 기동로에 대한 지뢰 정밀 탐색 및 추가적인 기동로 확장 등을 실시했다고 합참은 설명했다. 그러나 “현장 조사 지역은 DMZ 내 미확인 지뢰 지대로 위험성이 높을 뿐 아니라 작전 수행 인원들의 피로도도 극심해 안전을 최우선으로 고려, 오늘 작전을 종료하고 차후 재시행하기로 했다”고 밝혔다. 이날 투입된 현장 조사팀은 우리 군 작전 병력과 유엔사 군사정전위원회 비서장 등 군정위 측 인원, 조사 기관 등 총 40여명으로 구성됐다. 사고 당시인 지난 21일 수색로 개척 작전에 참여했던 간부 일부도 참여했다.",2026-09-27,https://www.seoul.co.kr/news/politics/diplomacy/2026/09/27/20260927500093,서울신문
“민원 줄고 소통·안전 쑥쑥”…‘정부혁신 왕중왕’ 국민이 직접 고른다,https://img.seoul.co.kr/img/upload/2026/09/27/SSC_20260927194808_N1.jpg.webp,,2026-09-27,https://www.seoul.co.kr/news/politics/2026/09/27/20260927500088,서울신문
"北 남하축→김신조 침투→제1땅굴…이번엔 ‘지뢰’까지, 25사단 최전선 [권윤희의 軍토피아]",https://img.seoul.co.kr/img/upload/2026/09/27/SSC_20260927180704_N1.png.webp,"[군토피아 3줄 요약] ● 25사단 작전지역인 파주·연천 일대는 6·25전쟁 당시 북한군의 ‘고랑포－문산－서울 서부 축선’에 포함된 남하 길목이었고, 정전 뒤에는 김신조 일행의 1·21 침투와 제1땅굴 사건이 이어졌다. ● 북한군은 2024년부터 군사분계선(MDL) 북측에서 지뢰를 매설하고 철조망과 방벽을 구축해왔으며, 유엔사는 북한군의 MDL 이남 지뢰 매설 여부를 조사하고 있다. ● 지난 21일에는 이 조사를 앞두고 신규 수색로를 개척하던 중 지뢰로 추정되는 폭발이 두 차례 발생해 25사단 장병 3명이 다쳤고, 군과 유엔사는 사고 원인과 폭발물의 출처를 조사 중이다. 지난 21일 오전 10시 50분쯤 경기 파주 육군 제25보병사단(25사단) 관할 군사분계선(MDL) 인접 비무장지대(DMZ)에서 지뢰로 추정되는 폭발이 두 차례 발생해 장병 3명이 다쳤다. 수색대대장 등 2명은 중상, 1명은 경상을 입었다. 장병들은 북한군의 MDL 이남 지뢰 매설 여부를 확인할 유엔군사령부 현장조사를 앞두고 신규 수색로를 개척하고 있었다. 당시 작전에는 25사단 수색대와 관할 공병부대 등 간부 15명과 병사 3명, 모두 18명이 투입됐다. 합참이 작전 참가 장병들의",2026-09-27,https://www.seoul.co.kr/news/politics/diplomacy/2026/09/27/20260927500083,서울신문
"육아휴직급여 처리기간, 센터 따라 최대 20배 차이",https://img.seoul.co.kr/img/upload/2025/10/28/SSC_20251028154944_N1.jpg.webp,"육아휴직급여를 신청한 뒤 지급받기까지 걸리는 기간이 고용센터에 따라 최대 20배 가까이 차이 나는 것으로 나타났다. 육아휴직급여가 휴직 기간 줄어든 소득을 메우는 급여인 만큼 지급 시점을 예측할 수 있도록 센터 간 격차를 줄여야 한다는 지적이 나온다. 27일 국회 기후에너지환경노동위원회 소속 어기구 더불어민주당 의원이 고용노동부에서 제출받은 자료에 따르면 지난해 육아휴직급여 평균 처리기간이 가장 짧은 곳은 서산고용센터로 0.61일이었다. 반면 진주고용센터는 12.11일로 가장 길었다. 두 센터의 처리기간은 약 20배, 날짜로는 11.5일 차이다. 육아휴직급여는 사업주가 육아휴직 확인서를 제출한 뒤 근로자가 고용24나 관할 고용센터에 신청하면 심사를 거쳐 지급된다. 현행 규정상 신청일로부터 14일 이내 처리해야 한다. 센터별 편차는 올해도 이어졌다. 올해(8월 기준) 영월고용센터의 평균 처리기간은 1.14일이었지만, 논산고용센터는 11.67일로 10배 이상 길었다. 광양고용센터와 춘천고용센터도 각각 10.93일, 10.4일로 평균 10일을 넘겼다. 같은 급여를 신청하고도 지역에 따라 기다리는 시간이 크게 달라지는 셈이다. 급여 수급 규모는 빠르게 커지",2026-09-27,https://www.seoul.co.kr/news/politics/2026/09/27/20260927500077,서울신문
“뻥 뚫린 내 정보” 6년간 1억 4000만건 유출…하루 6.4만건꼴,https://img.seoul.co.kr/img/upload/2026/09/27/SSC_20260927134859_N1.png.webp,,2026-09-27,https://www.seoul.co.kr/news/politics/2026/09/27/20260927500047,서울신문
與 “추석 민심은 민생”…부동산 우려 반영·농지 전수조사 불편 사과,https://img.seoul.co.kr/img/upload/2026/09/27/SSC_20260927111807_N1.jpg.webp,"더불어민주당은 27일 “추석 연휴 기간 확인한 가장 뼈아픈 부분이 민생이었다”며 주거비·생활비 완화 등 민생 입법에 속도를 내겠다고 밝혔다. 부동산 정책은 민심을 반영해 보완해 나갈 것이라고 했고, 농지 전수조사를 둘러싼 농민들의 우려에는 고개를 숙였다. 권칠승 정책위의장은 이날 국회에서 열린 추석 민심 기자간담회에서 “이번 연휴 동안 가장 무겁게 들은 말씀은 역시 민생이었다”며 “외형적 지표는 좋아졌지만 월세와 관리비, 교육비, 소상공인·자영업자의 경영 부담 등 국민의 삶은 녹록지 않았다”고 말했다. 권 의장은 이번 정기국회 대원칙을 ‘민생 올인 정책 국회’로 제시했다. 6가지 주요 추진 방향으로는 ▲월세 세액공제 확대 등 필수 생활비 부담 완화 ▲청년 자산 형성 및 미래 준비 기회 확대 ▲자본시장 건전화 ▲중소기업·소상공인·지역경제 활성화 ▲국익과 우리 기업 이익 보호 ▲국민 안전과 안보 강화를 꼽았다. 최근 당정이 보완책을 발표한 농지 전수조사와 관련해서는 “현재 농지법과 현실이 맞지 않는 부분들이 실제 많이 있다”며 “전수조사 과정에서 여러 불편함을 느끼시는 분들이 많이 계셨을 거라고 저도 인정하고 그 부분에 대해 매우 죄송스럽게 생각한다”고 말",2026-09-27,https://www.seoul.co.kr/news/politics/2026/09/27/20260927500024,서울신문
“다음 대선 언제인가” 장동혁이 전한 추석 민심,https://img.seoul.co.kr/img/upload/2026/09/27/SSC_20260927110817_N1.jpg.webp,"장동혁 국민의힘 대표는 27일 추석 민심에 대해 “국민의 분노 게이지가 폭발 직전”이라며 “많은 분들이 다음 대선이 언제냐고 물어본다”고 전했다. 장 대표는 또 “미국에 간 이재명 대통령이 차라리 안 왔으면 한다는 말씀이 많았다. 지금 대한민국의 이런 민심을 모르는 사람은 아마 이 대통령밖에 없을 것”이라고도 했다. 장 대표는 이날 국회에서 기자간담회를 열고 지난 21일 육군 25사단 관할인 경기 파주 군사분계선(MDL) 인접 지역에서 발생한 지뢰 폭발 추정 사고, 우크라이나에서 생포된 북한군 포로 2명의 한국행 절차 등을 비판하며 “결국 지금 이 안보 붕괴의 근본 원인은 이 대통령 본인”이라며 “이 대통령이 모든 사태에 책임을 져야 한다”고 요구했다. 장 대표는 “지금 우리 국민들은 이 대통령의 ‘김정은 심기 경호’에도 크게 분노하고 있다”며 “우리 군 대대장이 발목을 잃고 장병들이 부상을 당했는데도 이 대통령은 네 문단의 형식적인 SNS 글 하나 써놓고 지금껏 어떠한 입장도 내놓지 않고 있다”고 지적했다. 이어 “누가 봐도 북한 소행이 명백한데도 ‘입꾹닫’으로 일관하고 있다”며 “우리 국방, 우리 장병들의 안위보다 김정은 심기 경호가 더 중요한 것”",2026-09-27,https://www.seoul.co.kr/news/politics/2026/09/27/20260927500021,서울신문
이하늘 “한동훈 때문에 미칠 것 같다…민주당 사람들 날 잡아먹으려 한다”,https://img.seoul.co.kr/img/upload/2026/09/27/SSC_20260927110033_N1.png.webp,"DJ DOC 출신 이하늘이 “한동훈 때문에 미칠 것 같다”며 한동훈 무소속 의원을 다시 언급했다. 26일 이하늘은 자신의 유튜브 채널 등에 올린 짧은 영상에서 “한동훈 때문에 미치겠어”라면서 “지금 (더불어)민주당 사람들이 절 잡아먹으려 그래요, 정말. 한동훈이 일타이피예요. 나도 잡고, 민주당 흔들고 분열시키고”라고 말했다. 이에 한 의원은 다음날 이 영상을 페이스북에 공유하며 “한잔해요~”라고 짧게 반응했다. 한 의원과 이하늘 사이 소통은 이달 중순부터 이어졌다. 이하늘은 “지금 민주당 쪽에서 김민석 대표든 송영길이든 누가 나오더라도 한동훈한테 안 될 걸”이라며 “그동안 내가 한동훈더러 ‘뚜껑, 뚜껑’ 거리면서 엄청 놀렸는데 난 ×된 것 같다. 나중에 한동훈이 되면 나 ×될 거 같다”고 말했다. 앞으로 한 의원의 입지가 커질수록 자신의 처지가 난처해질 수 있다는 취지의 발언이다. 이 영상이 온라인에서 화제가 되자 한 의원은 지난 13일 자신의 SNS에 이하늘의 발언 장면을 캡처해 올리며 “팬입니다ㅎ. 화이팅!”이라는 짧은 응원 글을 남겼다. 게시물에는 배경음악으로 DJ DOC의 대표곡 ‘DOC와 춤을’을 넣어 눈길을 끌었다. 이후 한 의원의 반응",2026-09-27,https://www.seoul.co.kr/news/politics/2026/09/27/20260927500018,서울신문
오세훈 “대통령은 더 이상 ‘때려잡을 대상’ 국민에게서 찾지 말라”,https://img.seoul.co.kr/img/upload/2026/09/27/SSC_20260927104118_N1.jpg.webp,"오세훈 서울시장은 27일 “이재명 대통령의 ‘실거주 집착’이 이제 ‘실경작 집착’으로 이어지고 있다”고 비판했다. 오 시장은 이날 페이스북에 ‘대통령은 더 이상 ‘때려잡을 대상’을 국민에게서 찾지 마십시오’라는 제목의 게시글을 올리고 이렇게 밝혔다. 오 시장은 정부가 최근 발표한 농지 전수조사를 통해 실제 농사를 짓지 않으면서 투기 목적으로 토지를 보유한 사례를 가려내 엄벌하겠다는 방침을 언급한 뒤 “투기는 막아야 한다. 불법도 바로잡아야 한다”면서도 “문제는 투기를 막는다는 명분 아래 국민의 복잡한 삶을 하나의 잣대로 재단하고, 그 원칙에서 벗어난 사람들을 잠재적 투기꾼처럼 의심하는 정책의 방향”이라고 지적했다. 그는 “국민은 이미 지난 1년간 이재명 정부의 부동산 정책을 통해 그 부작용을 경험했다”며 “문제는 현실이 언제나 정부가 정해놓은 몇 가지 예외보다 복잡하다는 데 있다. 국민 각자에게는 저마다 피치 못할 사정이 있다. 행정이 그 수많은 사정을 일일이 들여다보며 ‘투기’와 ‘선의의 보유자’를 완벽하게 판별할 수 있다고 자신하는 것 자체가 오만이고 독선”이라고 말했다. 이어 “왜 이 정부는 개혁이라는 이름으로 누군가를 ‘투기꾼’과 ‘기득권’으로 규",2026-09-27,https://www.seoul.co.kr/news/politics/2026/09/27/20260927500015,서울신문
"李대통령, 유엔·멕시코 순방 마치고 귀국…장관 낙마 후속·중수청장 임명 겹겹이 쌓인 난제",https://img.seoul.co.kr/img/upload/2026/09/27/SSC_20260927092538_N1.jpg.webp,"이재명 대통령이 5박 7일 유엔 총회·멕시코 국빈 방문 일정을 마치고 27일 귀국한다. 한미 정상회담을 비롯해 멕시코와 7년을 끌어왔던 투자보장협정 개정이라는 굵직한 외교 성과를 낸 이 대통령이 귀국 후 각종 국내 현안 등을 어떻게 처리할지 관심이 쏠린다. 성기홍 청와대 홍보소통수석은 25일(현지시간) 멕시코시티에 마련된 프레스센터에서 관련 브리핑을 하며 “유엔 총회 계기 미국 방문 성과로 세계 최대의 다자외교 무대인 유엔 총회에 정상이 2년 연속으로 참석해 국익 증진을 위한 종합 외교의 기회로 적극 활용했다”고 밝혔다. 이어 “특히 글로벌 책임 강국 위상을 높였고 한미 정상회담과 한·호주 정상회담을 개최하면서 우리 한반도 정책과 관련한 국제적 지지 기반을 강화했다”고 했다. 이 대통령은 22일 유엔 총회 참석을 계기로 도널드 트럼프 미국 대통령과 극적으로 정상회담을 했다. 양국 정상은 최근 확정된 대미투자 사업에 대해 ‘환영한다’는 입장을 밝혔다. 양 정상은 지난해 11월 한미 정상회담에서 합의한 공동 설명자료(팩트시트)를 토대로 핵잠수함 연료 문제, 농축 재처리 문제, 조선업 협력, 전시작전권 전환 등에서 한미 간 협력을 심화하고자 하는 공동의 의지를",2026-09-27,https://www.seoul.co.kr/news/politics/2026/09/27/20260927500008,서울신문
與 “28일 현장조사” vs 野 “국방위 질의”… ‘지뢰 사고’ 이번엔 진실 규명 방식 공방,https://img.seoul.co.kr/img/upload/2026/09/26/SSC_20260926175109_N1.jpg.webp,최근 비무장지대(DMZ)에서 발생한 지뢰 추정 폭발 사고로 우리 군 장병 3명이 다친 것과 관련 여야는 연휴인 26일에도 공방을 이어갔다. 특히 국회 국방위원회 소속 여야 간사들은 진실 규명을 위한 현안 질의를 두고 ‘맞불’ 기자회견까지 열며 신경전을 벌였다. 국회 국방위 더불어민주당 간사인 김병주 의원은 이날 국회 소통관에서 기자회견을 갖고 “월요일(28일) 현장 방문을 시작으로 합동 현장조사와 국립과학수사연구원 감정 결과까지 국방위에서 끝까지 검증하겠다”며 “여야가 함께 한 점 의혹 없이 확인하겠다”고 밝혔다. 김 의원은 현장 방문 계획을 국민의힘이 거부했다고 전했다. 그는 “국민의힘은 연일 현안 질의를 위한 국방위 전체회의를 열라고 요구한다. 그래서 국방위원들은 오는 월요일 사고 현장 부대를 직접 찾아 점검하기로 했다”며 “회의실에서 보고서를 놓고 질의하는 것보다 현장 지휘관과 작전 장병의 이야기를 직접 듣는 것이 훨씬 깊이 있는 검증이기 때문”이라고 설명했다. 이어 “그런데 국민의힘 위원들은 이 현장 방문을 거절했다”며 “국방위를 열어 따지자면서 국방위원들이 함께 진실을 확인하러 가는 자리는 거부하는 것이다. 이보다 더한 모순이 어디 있느냐”고 말,2026-09-26,https://www.seoul.co.kr/news/politics/congress/2026/09/26/20260926500061,서울신문
"이 대통령 “올라, 아미고스”…멕시코 ‘스트레이 키즈’ 만나 K팝 홍보",https://img.seoul.co.kr/img/upload/2026/09/26/SSC_20260926174537_N1.jpg.webp,"멕시코를 국빈 방문 중인 이재명 대통령이 25일(현지시간) 멕시코 청소년들과 스트레이 키즈 공연을 함께 보며 K팝 홍보에 나섰다. 이 대통령과 김혜경 여사는 멕시코시티 GNP 스타디움에서 열린 스트레이 키즈의 콘서트가 시작되기 전 멕시코 청소년 10명을 만났다. 이 대통령이 스페인어로 “올라, 아미고스”(안녕, 친구들)라고 말하자 좌중에서 웃음이 터져 나왔다. 이 대통령은 “K팝을 이렇게 사랑해 주시는 것에 대해 정말로 감사하게 생각한다”며 “문화는 사람과 사람을 연결할 뿐만 아니라 국가와 국가도 연결해 주는 것 같다”고 말했다. 이어 “어릴 때 꿈이 대형 공연장에 가서 공연을 즐기는 것이지만 결국 이루지 못했다”며 “청소년기에 저도 그 꿈을 이뤘으면 어땠을까 생각을 가끔 한다”고 했다. 그러면서 “여러분은 오늘 그런 기회를 갖게 돼 축하한다”고 했다. 또 “아마 평생 간직할 좋은 추억이 될 텐데 오늘 공연 즐겁게 즐기라”고 했다. 김 여사도 “오늘 이 공연이 여러분 인생에서 잊히지 않는 밤이 되길 바란다”며 “한국의 K팝을 사랑해 주셔서 정말 감사하다”고 했다. 간담회 중 김 여사가 “혹시 스트레이 키즈 멤버 중에서 특별히 좋아하는 멤버가 있나요?",2026-09-26,https://www.seoul.co.kr/news/politics/2026/09/26/20260926500060,서울신문
[포토] 바다낚시 즐기는 북한 주민들,https://img.seoul.co.kr/img/upload/2026/09/26/SSI_20260926161103_N1.jpg.webp,북한 원산갈마해안관광지구에서 가을철 낚시 관광이 시작되어 주민들로 흥성이고 있다고 조선중앙TV가 지난 25일 보도했다. 조선중앙TV 화면 연합뉴스,2026-09-26,https://www.seoul.co.kr/news/politics/north/2026/09/26/20260926800004,서울신문
"“JYP 소속 여러 가수 팬이지만…” 배현진, 박진영 국감 출석 요구",https://img.seoul.co.kr/img/upload/2026/09/26/SSC_20260926150331_N1.jpg.webp,배현진 국민의힘 의원은 26일 박진영 대중문화교류위원회 공동위원장의 무보수 활동과 소속사인 JYP엔터테인먼트의 정부 공연프로젝트 상품권 단독 출원 의혹 등을 제기하며 국회 국정감사에 출석할 것을 요구했다. 배 의원은 이날 페이스북에 “공동 이관 등 박 위원장 측의 설명이 길어지고 있다”며 “무보수 봉사라는 이야기까지 나온다. 지금까지의 지급 내역 역시 국정감사에서 확인하겠다”고 말했다. 그러면서 “장관급 국가위원회 위원장으로서 당당하게 국정감사장에 출석해 증언해주기를 바란다”라며“더 이상의 설명이 필요 없기를”이라고 덧붙였다. 배 의원은 최근 박 위원장을 향해 잇따라 의혹을 제기하며 국감에서 이를 해소하겠다고 밝히고 있다. 지난 24일 페이스북에 “문화체육관광부가 내년에만 150억원을 들여 대대적으로 진행하기로 한 대형 공연 사업의 해외 상표권을 이 사업을 하자고 한 박 위원장의 JYP에 단독으로 주었다? 몹시 특혜 같은 이 상황은 뭘까요”라는 글을 남겼다. 다음날에는 “이재명 대통령 직속 대중문화교류위원회가 추진하는 정부의 초대형 공연 프로젝트의 상표권을 박 위원장의 회사 JYP가 독점 출원한 사실을 제가 문제를 제기하니 ‘행사 법인에 이관할 예정’이,2026-09-26,https://www.seoul.co.kr/news/politics/congress/2026/09/26/20260926500048,서울신문
‘북한군 포로 송환 공개’ 논란에…靑 “일관된 원칙에 따라 대응”,https://img.seoul.co.kr/img/upload/2026/09/25/SSC_20260925152421_N1.png.webp,"청와대는 북한군 포로 2명의 한국 송환 사실 공개를 둘러싼 논란에 대해 26일 “일관된 원칙에 따라 대응하는 것이 우리 정부의 입장”이라고 밝혔다. 앞서 볼로디미르 젤렌스키 우크라이나 대통령이 포로들의 한국 송환 사실을 공개하자 정부가 비판했는데 비공개가 적절했다는 한국 정부의 기존 입장이 ‘일관된 원칙에 근거한 것’이었다는 점을 거듭 강조한 것으로 풀이된다. 이 대통령은 젤렌스키 대통령의 발언을 두고 “비공개 합의를 어기고 공개했다”며 “많이 아쉽다”고 했고, 청와대 고위관계자도 “우크라이나와의 협의에서도 과정을 공개하지 않고 조용히 처리한다는 데 대한 양해가 있었는데 젤렌스키 대통령이 기존 양해와 다르게 연설에서 언급한 것이 사실”이라고 말했다. 그러나 이날 일부 언론에서는 우크라이나 현지 매체 보도를 인용해 우크라이나 대통령실은 비밀 유지 합의가 없었다는 취지로 반박했다고 전했다. 25일(현지시간) RBC-우크라이나는 한 소식통을 인용해 “우크라이나는 이를 비밀로 유지하겠다고 약속하지 않았으며 포로와 관련된 사안에 대해서는 정보를 숨기지 않는다”며 “포로 문제는 민감한 사안이고 우크라이나 국민은 포로와 관련해 무슨 일이 벌어지고 있는지 알 권리가 있",2026-09-26,https://www.seoul.co.kr/news/politics/diplomacy/2026/09/26/20260926500045,서울신문
국힘 ‘지뢰사고’ 공세 지속…與 “안보 불안 음모론”,https://img.seoul.co.kr/img/upload/2026/09/26/SSC_20260926114136_N1.jpg.webp,"국민의힘이 최근 비무장지대(DMZ)에서 발생한 지뢰 추정 폭발 사고와 관련해 정부가 조사를 고의로 늦추고 있다고 공세를 이어가는 가운데 더불어민주당은 “안보 불안을 부추기는 음모론”이라며 역공했다. 정점식 국민의힘 원내대표는 26일 페이스북을 통해 “‘부를 땐 나라의 아들, 다치면 느그 아들, 죽으면 누구세요?’ 이런 말 다시는 나오지 않게 해야 한다던 이재명 대통령이었다”며 “이 나라의 국방부와 군은 DMZ 지뢰 사고로 발목이 절단된 부상 장병들을 ‘느그 아들’ 취급하고 있다”고 비판했다. 박성훈 국민의힘 수석대변인은 논평에서 “이재명 정부는 지금 이 순간에도 현장 조사조차 미루며 ‘위험해서 조심스럽게 접근하고 있다’는 기만적 변명만 늘어놓고 있다”며 “시간이 흘러 증거가 유실되고 북한의 도발 흔적이 묻히기를 기다리는 늑장 대응이자 북한 소행을 은폐하려는 명백한 공작”이라고 말했다. 이어 “우리 장병들이 피를 흘렸음에도 북한의 눈치를 보며 입을 꾹 닫고 있는 비겁하고 무책임한 처사”라며 “대체 김정은의 눈치를 살피는 대가로 우리 장병의 목숨을 앞으로 얼마나 더 내놓아야 하느냐”라고 따졌다. 윤상현 국민의힘 의원은 소셜미디어(SNS)에 “과거 야당 대표",2026-09-26,https://www.seoul.co.kr/news/politics/2026/09/26/20260926500029,서울신문
"[포토] 이재명 대통령 부부, ‘K팝 랜덤 플레이 댄스’ 행사 방문",https://img.seoul.co.kr/img/upload/2026/09/26/SSI_20260926100734_N1.jpg.webp,"멕시코를 국빈 방문한 이재명 대통령은 25일(현지시간) 멕시코시티에서 진행 중인 ‘K엑스포’ 현장을 찾아 현지에 진출한 한국 기업들의 상품 전시를 둘러봤다. 이 대통령과 부인 김혜경 여사는 먼저 네이버 계열사 ‘케이크’의 전시 부스에 방문해 방탄소년단(BTS)과 연계한 한국문화·한국어 교육 프로그램 시연을 지켜봤다. 김 여사는 노래 가사를 통해 한국어를 배울 수 있는 프로그램을 살펴본 뒤 “가격은 얼마인가”라고 질문하며 관심을 보였다. 아모레퍼시픽 부스에서는 이 대통령이 인공지능(AI) 활용 피부 측정 기기로 피부의 수분과 모공 상태를 직접 측정했다. 김승환 아모레퍼시픽 대표이사가 “멕시코가 최근 자유무역협정(FTA) 미체결국에 관세를 인상한 것이 부담”이라고 설명하자, 이 대통령은 진지한 얼굴로 “관세가 어느 정도 올랐나”라고 되묻기도 했다. 이 대통령은 또 기아차 전시장에서는 셀토스 하이브리드 차량을, LG전자 부스에서는 투명 OLED(유기발광다이오드) 제품을 살펴봤으며 삼성전자 부스에도 들렀다. 빙그레 부스에서는 바나나 우유와 메로나 아이스크림에 대한 설명을 들었고, 농심 부스에서는 이 대통령과 김 여사가 최근 인기를 끌고 있는 즉석조리식 ‘한강",2026-09-26,https://www.seoul.co.kr/news/politics/president/2026/09/26/20260926800001,서울신문
‘스트레이 키즈’ 멕시코 팬과 하이파이브 한 李대통령 부부 “올라”,https://img.seoul.co.kr/img/upload/2026/09/26/SSC_20260926102849_N1.jpg.webp,"멕시코를 국빈 방문 중인 이재명 대통령과 김혜경 여사는 25일(현지시간) 오후 멕시코시티의 ‘작은 서울’로 불리는 소나 로사를 찾아 동포들과 인사를 나누고 멕시코 국민들과 소통했다고 안귀령 청와대 부대변인이 전했다. 소나 로사는 1990년대부터 한인들이 본격적으로 정착하면서 자연스럽게 한인 상권이 형성됐다. 이 대통령 부부는 이주일 주멕시코 대사로부터 설명을 들으며 거리 곳곳을 걸었다. 멕시코 국민들은 한국어로 “안녕하세요”, 영어로 “웰컴 투 멕시코”라고 외치며 이 대통령 부부를 반갑게 맞았다. 이 대통령 부부도 스페인어로 ‘안녕하세요’라는 뜻의 “올라”로 화답하며 함께 사진을 찍기도 했다. 한 멕시코인은 “오늘 저녁 열리는 스트레이 키즈 콘서트에 가기 전 한식을 먹기 위해 소나 로사를 찾았다”며 이 대통령 부부에게 친근함을 보였다. 스트레이 키즈 티셔츠를 입고 응원봉을 든 어린 팬들과 마주한 이 대통령 부부는 웃으며 하이파이브를 나누기도 했다. 이 대통령 부부는 거리에서 판매하고 있던 열대 과일인 구아버를 즉석에서 맛보고 멕시코 현지 식당에서 현지 대표 음식인 타코로 점심 식사를 했다. 이어 레포르마 대로에 위치한 독립기념비를 방문하며 멕시코 문화와",2026-09-26,https://www.seoul.co.kr/news/politics/2026/09/26/20260926500019,서울신문
K팝으로 멕시코 청소년 사로잡은 李대통령 부부…“여러분 함성에 감사”,https://img.seoul.co.kr/img/upload/2026/09/26/SSC_20260926101411_N1.jpg.webp,"“K팝을 사랑하는 여러분을 뵙게 되어 정말 기쁩니다.” 멕시코를 국빈 방문 중인 이재명 대통령과 김혜경 여사가 25일(현지시간) 오전 멕시코시티 세계무역센터(WTC)에서 열린 현지 K팝 댄스 현장에 깜짝 방문해 현지 청소년들을 격려하고 K팝 홍보에 나섰다. 이 행사는 ‘K-엑스포, K-팝 랜덤 플레이 댄스’로 문화체육관광부와 한국콘텐츠진흥원이 주최하고 서울신문이 주관했다. 멕시코 현지 댄스팀과 K팝 팬들 150여명이 참석해 무작위로 나오는 K팝에 맞춰 다 같이 군무를 추는 행사다. 이 대통령은 참가자들에게 감사 인사를 전하며 “K팝을 통해 누군가를 행복하게 하는 댄서와 가수가 되기를 바란다”고 격려했다고 성기홍 청와대 홍보소통수석이 브리핑했다. 김 여사도 “지난 5월 BTS가 멕시코를 방문했을 때 여러분의 뜨거운 함성과 열기에 깜짝 놀랐다고 들었다”며 현지의 뜨거운 열정에 감사를 표했다. 이 대통령 부부가 멕시코 출신 방송인 크리스티안 부르고스의 안내에 따라 음악 재생 버튼을 누르자 세븐틴의 유닛 그룹 부석순의 ‘청바지’, ‘파이팅해야지’, 그리고 BTS의 ‘다이너마이트’가 차례로 재생됐다. 그러자 참가자들이 노래에 맞춰 안무를 선보였다. 이에 이",2026-09-26,https://www.seoul.co.kr/news/politics/2026/09/26/20260926500018,서울신문
‘이준석 없는’ 개혁신당 한달…다음 총선 ‘기호 4번’ 남을까,https://img.seoul.co.kr/img/upload/2026/09/26/SSC_20260926093721_N1.jpg.webp,"개혁신당이 ‘창업주’ 이준석 전 대표가 사퇴한 지 26일 한 달을 맞았다. ‘이기인 비대위’가 출범해 이 전 대표가 추진하려던 주요 인사들의 경기 남부 벨트 재배치 전략을 일부 실행에 옮겼다. 다음 총선에서 10석을 얻겠다는 목표도 세웠으나 2028년 총선에서 ‘기호 4번’ 개혁신당이 남을지는 여전히 불투명하다. 지난달 26일 이 전 대표는 “당의 자강과 쇄신을 위한 고민과 제안을 해왔다. 그러나 당 안에서 충분한 호응을 얻지 못했다”며 “제가 오히려 당내 다른 구성원들이 하고자 하는 일을 가로막고 있었다면, 그 자리를 비우는 것이 제가 당을 위해 선택해야 할 길이라고 생각했다”는 말을 남기고 대표직을 사퇴했다. 이 전 대표가 개혁신당과 결별하는 것 아니냐는 해석이 나왔고, 소속 국회의원 3명이 각각 다른 정당에서 정치적 활로를 모색할 것이라는 이른바 ‘여의도 렉카’들의 관전평도 쏟아졌다. 애초 이 전 대표와 천하람 원내대표가 염두에 뒀던 ‘조응천 비대위’가 불발되고 ‘이기인 비대위’가 출범하면서 갈등이 표출되는 듯했으나, 일단 이 전 대표가 추진했던 쇄신안을 이어가는 모양새를 잡았다. 이 위원장은 지난 17일 첫 쇄신안을 발표하면서 역대 지도부와 지난",2026-09-26,https://www.seoul.co.kr/news/politics/2026/09/26/20260926500011,서울신문
빵·카드 찾아 오픈런… 성지 등극한 ‘팬의점’,https://img.seoul.co.kr/img/upload/2026/09/28/SSC_20260928002837_N1.jpg.webp,"GS25 민음사빵·CU 리센느빵 이어 세븐일레븐 LoL 카드 300종 출시 편의점 빵이 인기를 끌면서 동네 매장을 찾아다니며 빵을 구매하는 소비자가 늘고 있다. 현장 줄 서기를 넘어 상품 입고 시간에 맞춰 편의점 앱으로 재고를 확인하고 상품을 선점하는 ‘앱 오픈런’까지 등장했다. 27일 유통업계에 따르면 편의점 빵이 랜덤 굿즈(무작위 기념품)를 통해 ‘팬덤 소비’ 대상이 됐다. 대표적인 사례가 GS25의 ‘민음사빵’이다. GS25는 지난달 21일 민음사와 손잡고 책 표지를 본뜬 투명 책갈피 20종을 랜덤으로 넣은 빵 4종을 내놨는데, 지난 22일까지 한 달여 만에 누적 판매량 141만개를 기록했다. GS25 전체 빵 매출 순위 1~4위를 모두 민음사빵이 차지했을 정도다. 빵 가격은 3000원 안팎이지만, 일부 한정판 책갈피는 중고 거래 플랫폼이나 온라인 스토어에서 2만~3만원에 되팔리고 있다. GS25 관계자는 “출시 초반 반짝 인기로 끝나지 않고 있다. 30일 넘게 판매율 100%를 이어가며 품절과 재입고를 반복 중인 상황”이라고 말했다. CU가 최근 걸그룹 리센느와 협업해 내놓은 ‘리센느빵’은 출시 나흘 만에 10만개가 팔렸고, 같은 기간 CU 전체",2026-09-28,https://www.seoul.co.kr/news/economy/distribution/2026/09/28/20260928032005,서울신문
서울 아파트 전세 8268만원 상승… 강남 집값은 ‘추풍낙엽’,https://img.seoul.co.kr/img/upload/2026/09/27/SSC_20260927171731_N1.jpg.webp,"서울 아파트 평균 전세보증금이 2년 새 8268만원 올라 약 6억 3663만원으로 역대 최고치를 기록했다. 2년 전 전세계약을 맺은 세입자가 비슷한 조건의 전셋집을 구하려면 평균 8000만원 이상을 더 마련해야 하는 셈이다. 반면 매매시장에서는 대출 규제와 보유세 부담 등의 영향으로 강남3구(강남·서초·송파) 고가 아파트를 중심으로 수억원씩 가격을 낮춘 거래가 잇따르고 있다. 27일 한국부동산원의 전국주택가격동향조사에 따르면 지난달 서울 아파트 평균 전세가격은 6억 3662만 8000원으로 2년 전인 2024년 8월 5억 5394만 6000원보다 8268만 2000원(14.9%) 높아졌다. 중위 전세가격도 같은 기간 4억 8000만원에서 5억 6000만원으로 8000만원(16.7%) 상승했다. 서울 아파트 평균 전세가격은 2022년 1월 기록한 종전 최고치(6억 3424만 3000원)도 넘어섰다. 지역별로는 송파구의 평균 전세가격이 7억 5734만 4000원에서 9억 4137만1000원으로 1억 8402만 7000원(24.3%) 올라 상승폭과 상승률 모두 25개 서울 자치구 중 가장 컸다. 강동구는 같은 기간 1억 292만 7000원(20.6%), 성북구",2026-09-28,https://www.seoul.co.kr/news/economy/estate/2026/09/28/20260928031005,서울신문
"외국 정부까지 침투 시도… “AI, 악용 땐 10억명 죽을 수도”",https://img.seoul.co.kr/img/upload/2026/09/27/SSC_20260927172708_N1.jpg.webp,"오픈AI 에이전트, 호주 기관 접근 차단 명령 거부하며 다른 길 찾아 챗GPT회원 이미지 53장도 유출 ‘소버린 AI’ 역량 확보 목소리 커져 빌 게이츠 “전례 없는 강력한 무기” 오픈AI의 인공지능(AI) 에이전트가 호주 보건 당국 웹사이트 침투를 시도한 것으로 알려진 가운데 지난 여름에는 미국 정부 웹사이트에도 접근한 것으로 나타났다. 호주 보건 당국 침투의 경우 AI 모델이 정부 기관을 대상으로 공격을 시도한 첫 사례로, AI 보안 위협이 기업을 넘어 국가 안보 문제로 확대되는 모습이다. 이에 핵심 AI 기술과 데이터를 국가가 직접 통제하는 ‘소버린 AI’ 역량 확보가 시급하다는 목소리가 커지고 있다. 호주 정부는 지난 23일(현지시간) 오픈AI가 개발한 AI 에이전트가 지난 6월 호주 정부의 메디케어 통계 보고 서비스 포털에 무단으로 접근했다고 공개했다. 앤서니 앨버니지 호주 총리는 유엔 총회가 열린 뉴욕에서 기자회견을 열고 “오픈AI의 샘 올트먼 최고경영자(CEO)와 통화해 이번 사건에 대한 정부의 강한 우려를 전달했다”며 “관련 법 집행과 대응 입법 조치를 검토하고 있다”고 밝혔다. 이어 “AI 에이전트가 반복적으로 차단에 부딪히자 우회할 방법을",2026-09-28,https://www.seoul.co.kr/news/economy/industry/2026/09/28/20260928029004,서울신문
“이 음식 출시해도 될까요?”,https://img.seoul.co.kr/img/upload/2026/09/28/SSC_20260928002809_N1.jpg.webp,롯데마트는 지난 17일부터 서울 송파구 제타플렉스 잠실점에서 ‘파일럿 키친’을 운영하고 있다고 27일 밝혔다. 출시 전 단계 상품을 고객에게 먼저 선보이고 현장 반응을 확인하는 공간이다. 사진은 고객들이 ‘보일링 씨푸드’를 시식하는 모습. 롯데마트 제공,2026-09-28,https://www.seoul.co.kr/news/economy/distribution/2026/09/28/20260928030004,서울신문
박스권 갇힌 증시… 예금으로 ‘역 머니무브’,https://img.seoul.co.kr/img/upload/2026/09/27/SSC_20260927160711_N1.jpg.webp,"코스피가 횡보하는 사이 증시에서 돈이 도는 속도가 느려진 반면, 은행권 예금의 회전 속도는 빨라지고 있다. 주식시장으로 향하던 돈이 예금 등 안전자산으로 이동하는 ‘역 머니무브’ 조짐이 나타나고 있다는 분석이다. 미국·이란 갈등과 인공지능(AI) 투자 불안 등 대외 불확실성이 커지면서 위험자산 선호가 약해진 영향이다. 27일 한국거래소에 따르면 이달 들어 지난 23일까지 코스피 시장 일평균 상장주식 회전율은 0.50%로 집계됐다. 올 상반기 주식시장 활황에 지난 3월 1.74%까지 뛰었던 수치가 6개월째 줄어든 것이다. 지난해 8월(0.50%) 이후 가장 낮은 수준이다. 상장주식 회전율은 일정 기간 거래된 주식 수를 상장주식 수로 나눈 수치로, 숫자가 클수록 거래가 활발했다는 뜻이다. 거래대금도 급감했다. 지난 5~6월 코스피 시장에서 하루 평균 50조원 넘는 주식이 거래됐는데, 이달에는 21조 4541억원에 그쳤다. 6월 50조 3471억원으로 정점을 찍은 뒤 7월 36조 8754억원, 8월 25조 8460억원 등 꾸준히 줄어 9월에는 6월의 절반에도 못 미치는 수준이다. 은행 예금에서는 돈의 움직임이 빨라졌다. 한국은행에 따르면 예금은행 예금 회전율은",2026-09-28,https://www.seoul.co.kr/news/economy/finance/2026/09/28/20260928032004,서울신문
"美 ESS ‘1TWh 시대’ 막오른다… K배터리, EV라인 전환에 ‘올인’",https://img.seoul.co.kr/img/upload/2026/09/28/SSC_20260928002757_N1.jpg.webp,"인공지능(AI) 데이터센터 확산으로 전력 수요가 급증하면서 미국 에너지저장장치(ESS) 시장이 2032년 1TWh(테라와트시) 목표를 향해 빠르게 커지고 있다. 정부의 대미 전략투자 1호인 텍사스주 가스복합화력발전 사업 추진으로 ESS 수요 확대 기대도 커지는 가운데 국내 배터리 3사는 전기차 배터리 생산라인을 ESS용으로 전환하며 새 시장 도전에 나섰다. 27일 미국 배터리 및 ESS 제조·운영업체 단체인 에너지저장연합(ESC)의 최근 보고서에 따르면 2032년 말까지 미국 ESS 설치 규모를 출력 기준 225GW(기가와트), 저장용량 기준 1TWh(1000GWh)로 확대한다는 목표를 제시했다. 현재보다 출력은 300% 이상, 저장용량은 500% 이상 늘어나는 규모다. 1TWh에 도달하려면 연평균 25% 성장이 필요하다. AI 데이터센터 증설과 재생에너지 확대는 ESS 수요를 끌어올리고 있다. 미국 태양광산업협회에 따르면 지난 2분기 미국에 새로 설치된 ESS 용량은 20.2GWh로 분기 기준 역대 최대였다. 정부가 대미 전략투자 첫 사업으로 추진하는 텍사스주 엔시날 6.3GW 가스복합화력발전 사업도 AI 데이터센터 전력 수요에 대응하기 위한 것이다.",2026-09-28,https://www.seoul.co.kr/news/economy/industry/2026/09/28/20260928030003,서울신문
"“여보, 억대 성과급 챙겨야지”… 삼전닉스 육아휴직률 첫 동반 하락",https://img.seoul.co.kr/img/upload/2026/09/14/SSC_20260914085739_N1.png.webp,"반도체 슈퍼사이클로 사상 최대 수준의 실적과 성과급을 기록한 삼성전자와 SK하이닉스의 올해 상반기 육아휴직률이 나란히 하락했다. 고액 성과급을 받기 위해 육아휴직을 미루거나 포기하는 직원들이 증가한 탓이다. 27일 금융감독원 전자공시시스템에 따르면 삼성전자의 지난 상반기 육아휴직률은 당해 출생 자녀가 있는 직원의 35.5%로 집계됐다. 지난해 상반기(36.2%)와 비교해 0.7%포인트 낮아졌다. 같은 기간 남성은 12.4%에서 11.2%로, 여성은 94.3%에서 88.2%로 각각 하락했다. SK하이닉스도 비슷한 흐름을 보였다. 올해 상반기 육아휴직률은 초등학생 이하 자녀를 둔 직원의 3.2%로, 지난해 상반기(4.0%)보다 0.8%포인트 낮아졌다. 같은 기간 남성은 1.3%에서 0.7%로, 여성은 10.1%에서 8.9%로 낮아졌다. 삼성전자와 SK하이닉스의 육아휴직률이 동반 하락한 것은 처음이다. 기업이 육아휴직과 유연근무제 등을 공시하는 ‘일·생활 균형 공시제’(워라밸 공시제)가 도입된 2024년을 전후해 삼성전자의 육아휴직률은 2022년 34.5%, 2023년 37.4%, 2024년 39.5%로 꾸준히 높아졌다. 하지만 지난해 38.1%로 소폭 낮아졌",2026-09-28,https://www.seoul.co.kr/news/economy/industry/2026/09/28/20260928029003,서울신문
서울 강남 노른자땅 ‘주택 공급 속도’… 서리풀1지구 내년 보상·2028년 착공,,"서울 강남권 ‘노른자 땅’인 서초구 서리풀 1지구에 2만 가구+알파(α)를 짓는데 초단기 착공 모델인 ‘패스트트랙’ 제도가 적용된다. 이를 통해 2028년에 착공하고, 공급 물량도 더 늘릴 방침이다. 서리풀 1지구는 양재IC 아래쪽 청계산입구역 주변이다. 한국토지주택공사(LH)는 내년 3월 서리풀 1지구의 지구계획 승인과 동시에 보상에 착수하기로 했다. 먼저 10월 말에 보상계획 공고를 낼 수 있도록 토지 및 지장물 기본조사를 진행한다. 상생위원회 등을 통해 주민과의 적극적인 소통에도 나섰다. 주택 공급 속도전을 위한 최대 관건이 주민 보상에 있다는 판단에서다. LH는 인허가·보상·공사 등 전 과정에 ‘패스트트랙’을 도입해 착공 시기를 최대한 앞당기기로 했다. 한 단계가 끝나야 다음 단계로 넘어가는 ‘직렬 방식’을 일부 절차를 동시에 진행하는 ‘병렬 방식’으로 전환한 제도로 인허가 기간을 절반 이하로 단축할 수 있다. 또 지구 내 일부는 ‘우선사업구역’으로 선정해 주택 조기 공급을 추진한다. 보상 협의가 빠른 지역을 별도로 떼어 내 먼저 공사에 착수하는 방식이다. 공급 규모는 당초 1만 8000가구에서 500가구+α 규모로 더 늘릴 계획이다. 이 지역에는",2026-09-28,https://www.seoul.co.kr/news/economy/estate/2026/09/28/20260928031004,서울신문
美·이란 협상 결렬에 금융시장 또 긴장,,"이란이 호르무즈 해협을 7일 안에 재개방하는 방안을 제시하면서 국제 금융시장이 반짝 안도했지만, 도널드 트럼프 미국 대통령이 26일(현지시간) 거절 의사를 밝히자 다시 변동성 우려가 높아지는 모양새다. 앞서 이란이 지난 25일 미국의 군사적 압박 완화 등을 조건으로 7일 이내에 호르무즈 해협을 재개방할 수 있다는 입장을 내면서 ﻿기대감이 커지자 국제유가가 하락했다. 이날 11월 인도분 서부텍사스산원유(WTI)는 전장보다 2.20달러(2.33%) 내린 배럴당 92.41달러에, 브렌트유 11월물은 전장보다 2.28달러(2.14%) 하락한 배럴당 104.32달러에 마감했다. 국제유가 하락에 시장의 위험 회피 심리는 다소 완화됐다. 협상 재개 기대감에 지난 25일 뉴욕 증시는 다우존스 30 산업평균 0.93%, 스탠더드앤드푸어스(S＆P)500 0.51%, 나스닥 0.48% 등 3대 지수가 일제히 상승했다. ﻿지난 23일 장중 1340원대까지 내려왔던 원달러 환율은 저가 매수세 유입으로 이튿날 주간 거래 종가가 1366원까지 올랐다. 25일에는 1357.5원까지 떨어졌다. 하지만 트럼프 대통령이 이란의 호르무즈 해협 재개방 구상을 거부하면서 시장 관심은 다시 국제유",2026-09-28,https://www.seoul.co.kr/news/economy/finance/2026/09/28/20260928032003,서울신문
반도체 호황에 올해 세수 465조… 미래대응기금 200조 넘을 듯,,"법인세 등 초과 세수 50조 웃돌아 4년 만에 세입 최대 기록 세울 듯 미래기금 162조원서 늘어날 전망 올해 역대 최대 규모인 465조원 수준의 세수가 걷힐 것으로 전망된다. 반도체 수출 호황으로 법인세수가 급증하면서 예상치를 웃도는 ‘초과 세수’ 규모만 50조원+알파(α)에 이를 것으로 예측됐다. 내년에 신설되는 미래대응기금도 당초 예상치를 뛰어넘어 200조원대 돌파가 유력해졌다. 재정경제부는 이달 말 ‘국세수입 재추계 결과’를 발표한다. 올해 세수 전망치를 수정하는 절차다. 정부 관계자는 27일 “반도체 호황으로 법인세가 늘어나고, 증시 활성화로 증권거래세도 많이 걷히고 있다”며 “세수 여건이 당초 예상보다 더 좋아질 것 같다”고 말했다. 올해 본예산 기준 세수 전망치는 390조 2000억원이었다. 반도체 업황이 예상 밖의 호조를 보이자 정부는 지난 3월 추가경정예산(추경) 편성 과정에서 세수 전망치를 415조 4000억원으로 수정하는 ‘세입 경정’을 진행했다. 세수가 25조 2000억원 더 걷힌다고 본 것이다. 그런데 반도체 수출액이 매월 신기록을 갈아치우고 경제성장률 전망치도 잇달아 상향 조정되자 정부는 목표치를 다시 50조원 더 높여 465조 40",2026-09-28,https://www.seoul.co.kr/news/economy/2026/09/28/20260928032002,서울신문
"LG전자, 엔비디아 공식 파트너 선정… AI 데이터센터 냉각 시장 공략 속도",,LG전자가 엔비디아의 공식 파트너 프로그램인 ‘엔비디아 파트너 네트워크(NPN)’에서 인공지능(AI) 데이터센터 냉각 솔루션 분야인 ‘파워 앤드 쿨링’ 파트너로 선정됐다고 27일 밝혔다. NPN은 엔비디아의 AI 컴퓨팅 플랫폼과 기술 생태계를 기반으로 하드웨어·소프트웨어·서비스·인프라 기업들이 참여하는 글로벌 협력 프로그램이다. 엔비디아는 NPN을 통해 AI 데이터센터와 AI 팩토리 구축에 필요한 검증된 파트너와 솔루션을 고객사에 연결한다. 참여 기업은 기술 협력과 영업·마케팅 지원 등을 통해 글로벌 고객 접점을 확대할 수 있다. 이번 파트너 등재로 LG전자는 엔비디아 기술 기반의 AI 데이터센터를 구축하는 고객사에 고효율 냉각 솔루션을 제안할 기회를 확보했다. 특히 글로벌 기업들이 데이터센터를 기획하고 설계하는 초기 단계부터 LG전자의 칠러와 냉각수 분배장치(CDU)를 적용할 수 있는 기회가 확대됐다. 데이터센터 구축 초기부터 냉각 시스템을 설계하면 각 데이터센터 서버의 발열 특징에 맞춰 효율적으로 전력과 열을 관리하는 맞춤형 솔루션을 설치할 수 있다. LG전자는 앞서 국내 기업 최초로 600㎾ 및 1㎿급 CDU의 엔비디아 규격 승인 요건을 충족한 바 있다,2026-09-28,https://www.seoul.co.kr/news/economy/industry/2026/09/28/20260928031003,서울신문
뻥 뚫린 내 정보… 6년간 1억 4000만건 유출됐다,,"쿠팡·SK텔레콤·티빙 등에서 대규모 개인정보 유출 사고가 잇따르는 가운데 개인정보보호위원회 출범 이후 6년간 확인된 개인정보 유출 규모가 1억 4000만 건에 달한 것으로 나타났다. 하루 평균 6만 5000건꼴로 개인정보가 새어 나간 셈이다. 27일 국회 정무위원회 소속 박성훈 국민의힘 의원이 개인정보위에서 받은 자료를 분석한 결과, 2020년 9월부터 올해 7월까지 개인정보보호법 위반으로 처분받은 사례는 1821건이었다. 이 가운데 실제 개인정보 유출이 확인된 사건은 641건으로, 유출된 개인정보는 총 1억 3963만 7474건이었다. 유출 원인은 외부 해킹이 276건으로 가장 많았지만, 업무 과실도 275건으로 불과 한 건 차이에 그쳤다. 시스템 오류가 62건, 내부 직원의 고의 유출이 14건으로 뒤를 이었다. 외부 공격뿐 아니라 개인정보를 다루는 과정에서의 실수와 허술한 관리 체계도 유출의 큰 원인이었던 것이다. 대형 사고 한 번에 수천만 건이 유출된 사례도 적지 않았다. 쿠팡에서 3322만 2472건, SK텔레콤에서 3164만 4648건의 개인정보가 유출됐고, 인크루트 727만 5843건, 스타일쉐어 640만 1건, 브랜디 639만 5270건 등도",2026-09-28,https://www.seoul.co.kr/news/economy/2026/09/28/20260928031002,서울신문
수출·내수 동반 호조… 4분기 제조업 경기 전망 개선,,"국내 제조기업들의 오는 4분기 경기 전망이 반도체와 화장품 등 주력 수출 업종의 호조에 힘입어 개선됐다. 다만 제조기업 10곳 중 6곳은 올해 영업이익이 연초 목표에 미치지 못할 것으로 예상했다. 대한상공회의소는 ﻿제조기업 2413곳을 대상으로 조사한 올해 4분기 제조업 기업경기전망지수(BSI)가 86으로 집계됐다고 27일 밝혔다. 기준치인 100을 밑돌지만 전 분기(80)보다 6포인트 상승한 수치다. 특히 수출기업의 BSI는 주력 품목 수출 확대에 힘입어 86에서 91로 5포인트 올랐다. 내수기업도 환율 안정에 따른 영향으로 78에서 85로 7포인트 상승했다. 수출·내수기업 지수가 동반 상승한 것은 지난해 3분기 이후 5개 분기 만이다. 기준치 100을 웃도는 업종은 반도체 외에 화장품·의료·정밀·조선·제약·바이오 등으로 확대됐다. 반도체는 139로 집계 이래 최고치였고, 4개 분기 연속 100을 넘었다. 화장품(120)과 의료·정밀(108)도 각각 20포인트, 28포인트 상승했다. 반면 올해 영업이익이 연초 목표에 미달할 것으로 예상한 기업은 60.4%나 됐다. 원자재·에너지 등 생산 비용 상승(43.2%)이 가장 큰 이유였다.",2026-09-28,https://www.seoul.co.kr/news/economy/industry/2026/09/28/20260928032001,서울신문
하이브리드 타고 질주한 현대차… 美서 포드 첫 추월하고 톱3 전망,,"현대자동차그룹이 하이브리드차(HEV) 판매 확대에 힘입어 올해 3분기 미국 시장에서 처음으로 포드를 제치고 분기 기준 판매 3위에 오를 전망이다. 전기차 판매가 주춤한 사이 스포츠유틸리티차(SUV)를 중심으로 하이브리드차 라인업을 확대한 전략이 미국 시장에서 성과를 내고 있다. 27일 미국 시장조사업체 콕스 오토모티브에 따르면 현대차·기아·제네시스의 올해 3분기 미국 신차 판매량은 51만 1421대로 지난해 같은 기간보다 6.5% 증가할 것으로 전망됐다. 반면 포드는 7.1% 감소한 50만 4172대로 예상됐다. 전망대로라면 현대차그룹은 포드를 7249대 차이로 처음 제치고 GM(67만 1706대), 도요타(64만 2707대)에 이어 미국 판매 3위에 오른다. 현대차그룹의 판매 확대를 뒷받침하는 것은 하이브리드차다. 현대차·기아는 지난달 미국에서 하이브리드차 5만 57대를 판매해 지난해 같은 달보다 47.7% 늘며 월간 역대 최다 기록을 세웠다. 현대차가 2만 5109대로 33.0%, 기아가 2만 4948대로 65.7% 각각 증가했다. 반면 전기차 판매는 7678대로 52.3% 감소했다. 대형 SUV 팰리세이드도 하이브리드 성장세를 보여주는 대표 모델이다.",2026-09-28,https://www.seoul.co.kr/news/economy/car/2026/09/28/20260928030002,서울신문
"갤럭시 폴드8, 유럽 5개국 소비자 평가서 1위",,"삼성전자의 갤럭시 Z8 시리즈가 유럽 주요 5개국 소비자 전문지 평가에서 폴더블 스마트폰 부문 1위를 차지했다. 27일 업계에 따르면 갤럭시 Z 폴드8과 폴드8 울트라는 이탈리아·스페인·포르투갈·네덜란드·벨기에 등 유럽 5개국 소비자 전문지의 폴더블 스마트폰 평가에서 최고점을 기록했다. 이탈리아 소비자단체 알트로콘슈모의 평가에서는 갤럭시 Z 폴드8이 81점으로 폴더블 스마트폰 가운데 1위를 차지했다. 갤럭시 Z 폴드8 울트라는 80점으로 뒤를 이었다. 스페인 소비자단체 오씨유와 포르투갈 데코 프로테스트의 평가에서도 폴드8이 81점, 폴드8 울트라가 80점을 받아 각각 1위와 2위에 올랐다. 네덜란드 콘슈멘텐본드에서는 두 제품이 각각 8.2점을 받아 공동 1위를 기록했다. 벨기에 테스트 아차트에서도 폴드8과 폴드8 울트라가 각각 80점으로 나란히 최고점을 받았다.",2026-09-28,https://www.seoul.co.kr/news/economy/industry/2026/09/28/20260928030001,서울신문
공정위 퇴직자 86명 ‘로펌행’… 불공정 ‘공피아 카르텔’,https://img.seoul.co.kr/img/upload/2026/06/02/SSC_20260602004114_N1.jpg.webp,"10년 새 급증… 최근 5년여간 57명 김앤장 21명 최다, 보수 최대 3.7배 부위원장 등 고위직 출신도 재취업 ‘한솥밥 관계’ 전원회의 공정성 우려 최근 10여년간 김앤장·태평양 등 10대 로펌으로 이직한 공정거래위원회 퇴직자가 86명에 이르는 것으로 파악됐다. 특히 최근 5년여 사이에 57명(66.3%)이 집중적으로 이직했다. 기업의 불공정 행위를 제재하는 ‘공격수’(심사관)와 기업의 입장을 대변하는 ‘수비수’(대리인단)가 모두 공정위에서 한솥밥을 먹던 관계로 구성될 수 있다는 점에서 1심 격인 전원회의의 공정성에 의문을 제기하는 목소리도 커지고 있다. 27일 국회 정무위원회 소속 한창민 사회민주당 의원이 국민건강보험공단으로부터 받은 자료에 따르면, 2016년 1월부터 올해 8월까지 10년 8개월간 공정위에서 10대 로펌으로 이직한 인원은 86명으로 집계됐다. 김앤장 21명, 태평양 13명, 율촌 11명, 화우 10명, 광장 8명, 세종 8명, 지평 5명, 대륙아주 5명, 바른 4명, YK 1명씩이었다. 연도별 이직 인원은 2016~2019년 연 2~4명 수준이었다가 최근 급증했다. 지난해는 15명이었고, 올해는 8월 말 기준으로 11명에 이르렀다.",2026-09-28,https://www.seoul.co.kr/news/society/2026/09/28/20260928012003,서울신문
여자 ‘음주’ 남자 ‘당뇨’… 건강 적신호,https://img.seoul.co.kr/img/upload/2026/07/27/SSC_20260727175840_N1.jpg.webp,"여성 음주 관련 사망률 29% 상승 당뇨 사망률 男 24.5명·女 20.3명 지난 10년 사이 남녀의 건강 지표가 서로 다른 방향으로 움직였다. 여성은 알코올 관련 사망률과 고위험 음주율이 뚜렷하게 늘어난 반면, 남성은 비만과 당뇨병 유병률이 가파르게 상승했다. 성별에 따라 건강을 위협하는 요인 자체가 확연히 갈린 셈이다. 27일 국가통계포털(KOSIS)에 따르면 여성의 알코올 관련 사망률은 2015년 인구 10만 명당 2.4명에서 2025년 3.1명으로 29.2% 높아졌다. 특히 40대는 4.6명에서 5.7명으로 23.9%, 50대는 4.3명에서 6.6명으로 53.5% 올라 중년 여성에서 증가 폭이 두드러졌다. 반면 같은 기간 남성은 16.4명에서 16.0명으로 2.4% 낮아졌다. 남성의 알코올 사망률이 여전히 여성의 5.2배에 달하지만 10년 전보다 격차가 좁혀졌다. 술을 많이 마시는 비율도 여성은 오르고 남성은 내렸다. 국민건강영양조사에 따르면 19세 이상 여성의 고위험 음주율은 2014년 6.6%에서 2024년 8.6%로 올랐다. 2005년(3.4%)과 비교하면 20년 새 2.5배로 뛰었다. 반면 남성은 2014년 20.7%에서 2024년 18.6%",2026-09-28,https://www.seoul.co.kr/news/society/health-medical/2026/09/28/20260928010010,서울신문
"AI·항공우주부터 라면까지…    K산업, 중남미 시장 키운다",https://img.seoul.co.kr/img/upload/2026/09/27/SSC_20260927182843_N1.jpg.webp,"공급망·신산업 등 ‘3대 분야’ 맞손 네이버·포스코·농심 등 협력 발표 최태원 “양국의 가능성 더 커질 것” 이재명 대통령의 멕시코 국빈 방문을 계기로 열린 비즈니스 포럼에서 국내 기업들이 인공지능(AI)·항공우주·문화콘텐츠 등 분야에서 중남미 시장 공략에 나섰다. 제조업 중심의 한·멕시코 간 경제 협력을 미래 성장 분야로 옮겨 시장 확대의 거점으로 삼겠다는 것이다. 대한상공회의소는 지난 25일(현지시간) 멕시코시티 세계무역센터에서 열린 ‘한·멕시코 비즈니스 포럼’에서 ▲첨단산업·공급망 ▲신산업·에너지 ▲문화창조산업 등 3대 분야를 중심으로 협력 방안을 논의했다고 27일 밝혔다. 최태원 대한상의 회장은 환영사에서 “멕시코는 중남미의 핵심 국가이자 뛰어난 글로벌 시장 접근성을 갖춘 중요한 경제 거점”이라며 “한국의 기술과 투자 역량, 멕시코의 탄탄한 제조 기반과 우수 인재가 만난다면 양국이 만들어 갈 가능성은 더 커질 것”이라고 말했다. AI를 필두로 한 신산업 분야에선 네이버가 소버린 AI와 AI 팩토리 인프라 구축을 협력 의제로 제시했다. 발표에 나선 김광현 네이버 최고디지털책임자(CDO)는 자국의 언어·데이터·산업 특성을 반영한 AI 생태계의 중요성",2026-09-28,https://www.seoul.co.kr/news/economy/industry/2026/09/28/20260928003002,서울신문
미국·이란 협상 결렬에 금융시장 또 긴장,https://img.seoul.co.kr/img/upload/2026/09/27/SSC_20260927175907_N1.png.webp,"이란이 호르무즈 해협을 7일 안에 재개방하는 방안을 제시하면서 국제 금융시장이 반짝 안도했지만, 도널드 트럼프 미국 대통령이 27일 거절 의사를 밝히자 다시 변동성 우려가 높아지는 모양새다. 앞서 이란이 지난 25일(현지시간) 미국의 군사적 압박 완화 등을 조건으로 7일 이내에 호르무즈 해협을 재개방할 수 있다는 입장을 내면서 외교적 해법에 대한 기대감이 커지자 국제유가가 하락했다. 이날 11월 인도분 서부텍사스산원유(WTI)는 전장보다 2.20달러(2.33%) 내린 배럴당 92.41달러에, 브렌트유 11월물은 전장보다 2.28달러(2.14%) 하락한 배럴당 104.32달러에 마감했다. 국제유가 하락에 시장의 위험 회피 심리는 다소 완화됐다. 협상 재개 기대감에 지난 25일 뉴욕 증시는 다우존스 30 산업평균 0.93%, 스탠더드앤드푸어스(S＆P)500 0.51%, 나스닥 0.48% 등 3대 지수가 일제히 상승했다. 미국과 이란의 대면 협상 소식에 지난 23일 장중 1340원대까지 내려왔던 원달러 환율은 저가 매수세 유입으로 이튿날 주간 거래 종가가 1366원까지 올랐다. 25일에는 1357.5원까지 떨어졌다. 하지만 트럼프 대통령이 이란의 호르무즈 해협",2026-09-27,https://www.seoul.co.kr/news/economy/2026/09/27/20260927500084,서울신문
“안 된다” 거부하자 우회로 찾은 AI…호주 정부 사이트 뚫고 美정부망도 침입 시도,https://img.seoul.co.kr/img/upload/2026/09/27/SSC_20260927173611_N1.jpg.webp,"오픈AI의 인공지능(AI) 에이전트가 호주 보건 당국 웹사이트 침투를 시도한 것으로 알려진 가운데 지난 여름에는 미국 정부 웹사이트에도 접근한 것으로 나타났다. 호주 보건 당국 침투의 경우 AI 모델이 정부 기관을 대상으로 공격을 시도한 첫 사례로, AI 보안 위협이 기업을 넘어 국가 안보 문제로 확대되는 모습이다. 이에 핵심 AI 기술과 데이터를 국가가 직접 통제하는 ‘소버린 AI’ 역량 확보가 시급하다는 목소리가 커지고 있다. 호주 정부는 지난 23일(현지시간) 오픈AI가 개발한 AI 에이전트가 지난 6월 호주 정부의 메디케어 통계 보고 서비스 포털에 무단으로 접근했다고 공개했다. 앤서니 앨버니지 호주 총리는 유엔 총회가 열린 뉴욕에서 기자회견을 열고 “오픈AI의 샘 올트먼 최고경영자(CEO)와 통화해 이번 사건에 대한 정부의 강한 우려를 전달했다”며 “관련 법 집행과 대응 입법 조치를 검토하고 있다”고 밝혔다. 이어 “AI 에이전트가 반복적으로 차단에 부딪히자 우회할 방법을 찾아냈다. 말하자면 ‘안 된다’는 답을 받아들이지 않은 것”이라고 지적했다. 오픈AI는 해당 사건을 사건 발생 두 달 뒤인 8월에야 인지했고, 지난 10일에야 호주 당국에 통",2026-09-27,https://www.seoul.co.kr/news/economy/industry/2026/09/27/20260927500081,서울신문
하이브리드 타고 질주한 현대차…美서 포드 첫 추월하고 톱3 전망,https://img.seoul.co.kr/img/upload/2026/09/27/SSC_20260927172557_N1.jpg.webp,"현대자동차그룹이 하이브리드차(HEV) 판매 확대에 힘입어 올해 3분기 미국 시장에서 처음으로 포드를 제치고 분기 기준 판매 3위에 오를 전망이다. 전기차 판매가 주춤한 사이 스포츠유틸리티차(SUV)를 중심으로 하이브리드차 라인업을 확대한 전략이 미국 시장에서 성과를 내고 있다. 27일 미국 시장조사업체 콕스 오토모티브에 따르면 현대차·기아·제네시스의 올해 3분기 미국 신차 판매량은 51만 1421대로 지난해 같은 기간보다 6.5% 증가할 것으로 전망됐다. 반면 포드는 7.1% 감소한 50만 4172대로 예상됐다. 전망대로라면 현대차그룹은 포드를 7249대 차이로 처음 제치고 GM(67만 1706대), 도요타(64만 2707대)에 이어 미국 판매 3위에 오른다. 현대차그룹의 판매 확대를 뒷받침하는 것은 하이브리드차다. 현대차·기아는 지난달 미국에서 하이브리드차 5만 57대를 판매해 지난해 같은 달보다 47.7% 늘며 월간 역대 최다 기록을 세웠다. 현대차가 2만 5109대로 33.0%, 기아가 2만 4948대로 65.7% 각각 증가했다. 반면 전기차 판매는 7678대로 52.3% 감소했다. 대형 SUV 팰리세이드도 하이브리드 성장세를 보여주는 대표 모델이다",2026-09-27,https://www.seoul.co.kr/news/economy/car/2026/09/27/20260927500078,서울신문
서울 아파트 전세 8268만원 상승…강남 집값은 ‘추풍낙엽’,https://img.seoul.co.kr/img/upload/2026/09/27/SSC_20260927171731_N1.jpg.webp,"서울 아파트 평균 전세보증금이 2년 새 8268만원 올라 약 6억 3663만원으로 역대 최고치를 기록했다. 2년 전 전세계약을 맺은 세입자가 비슷한 조건의 전셋집을 구하려면 평균 8000만원 이상을 더 마련해야 하는 셈이다. 반면 매매시장에서는 대출 규제와 보유세 부담 등의 영향으로 강남3구(강남·서초·송파) 고가 아파트를 중심으로 수억원씩 가격을 낮춘 거래가 잇따르고 있다. 27일 한국부동산원의 전국주택가격동향조사에 따르면 지난달 서울 아파트 평균 전세가격은 6억 3662만 8000원으로 2년 전인 2024년 8월 5억 5394만 6000원보다 8268만 2000원(14.9%) 높아졌다. 중위 전세가격도 같은 기간 4억 8000만원에서 5억 6000만원으로 8000만원(16.7%) 상승했다. 서울 아파트 평균 전세가격은 2022년 1월 기록한 종전 최고치(6억 3424만 3000원)도 넘어섰다. 지역별로는 송파구의 평균 전세가격이 7억 5734만 4000원에서 9억 4137만1000원으로 1억 8402만 7000원(24.3%) 올라 상승폭과 상승률 모두 25개 서울 자치구 중 가장 컸다. 강동구는 같은 기간 1억 292만 7000원(20.6%), 성북구",2026-09-27,https://www.seoul.co.kr/news/economy/estate/2026/09/27/20260927500076,서울신문
"美 ESS ‘1TWh 시대’ 막오른다…K배터리, EV라인 전환에 ‘올인’",https://img.seoul.co.kr/img/upload/2026/09/27/SSC_20260927170820_N1.jpg.webp,"인공지능(AI) 데이터센터 확산으로 전력 수요가 급증하면서 미국 에너지저장장치(ESS) 시장이 2032년 1TWh(테라와트시) 목표를 향해 빠르게 커지고 있다. 정부의 대미 전략투자 1호인 텍사스주 가스복합화력발전 사업 추진으로 ESS 수요 확대 기대도 커지는 가운데 국내 배터리 3사는 전기차 배터리 생산라인을 ESS용으로 전환하며 새 시장 도전에 나섰다. 27일 업계에 따르면 미국 배터리 및 ESS 제조·운영업체 단체인 에너지저장연합(ESC)은 최근 보고서에서 2032년 말까지 미국 ESS 설치 규모를 출력 기준 225GW(기가와트), 저장용량 기준 1TWh(1000GWh)로 확대한다는 목표를 제시했다. 현재보다 출력은 300% 이상, 저장용량은 500% 이상 늘어나는 규모다. 1TWh에 도달하려면 연평균 25% 성장이 필요하다. AI 데이터센터 증설과 재생에너지 확대는 ESS 수요를 끌어올리고 있다. 미국 태양광산업협회(SEIA)에 따르면 지난 2분기 미국에 새로 설치된 ESS 용량은 20.2GWh로 분기 기준 역대 최대였다. 정부가 대미 전략투자 첫 사업으로 추진하는 텍사스주 엔시날 6.3GW 가스복합화력발전 사업도 AI 데이터센터 전력 수요에 대응",2026-09-27,https://www.seoul.co.kr/news/economy/industry/2026/09/27/20260927500075,서울신문
"최태원, 멕시코서 “韓 기술·멕시코 제조 기반 협력 기대”...재계, AI부터 라면까지 총공세",https://img.seoul.co.kr/img/upload/2026/09/27/SSC_20260927165543_N1.jpg.webp,"이재명 대통령의 멕시코 국빈 방문을 계기로 열린 비즈니스 포럼에서 국내 기업들이 인공지능(AI)·항공우주·문화콘텐츠 등 분야에서 중남미 시장 공략에 나섰다. 제조업 중심의 한·멕시코 간 경제 협력을 미래 성장 분야로 옮겨 시장 확대의 거점으로 삼겠다는 것이다. 대한상의는 지난 25일(현지시간) 멕시코시티 세계무역센터에서 열린 ‘한·멕시코 비즈니스 포럼’에서 ▲첨단산업·공급망 ▲신산업·에너지 ▲문화창조산업 등 3대 분야를 중심으로 협력 방안을 논의했다고 27일 밝혔다. 최태원 대한상의 회장은 환영사에서 “멕시코는 중남미의 핵심 국가이자 뛰어난 글로벌 시장 접근성을 갖춘 중요한 경제 거점”이라며 “한국의 기술과 투자 역량, 멕시코의 탄탄한 제조 기반과 우수 인재가 만난다면 양국이 만들어 갈 가능성은 더 커질 것”이라고 말했다. AI를 필두로 한 신산업 분야에선 네이버가 소버린 AI와 AI 팩토리 인프라 구축을 협력 의제로 제시했다. 발표에 나선 김광현 네이버 최고디지털책임자(CDO)는 자국의 언어·데이터·산업 특성을 반영한 AI 생태계의 중요성을 강조하고, 멕시코 현지 산업을 기반으로 한국의 AI 역량과 연결하는 방안을 소개했다. 항공우주 분야에서는 포스코",2026-09-27,https://www.seoul.co.kr/news/economy/industry/2026/09/27/20260927500073,서울신문
"LG전자, 엔비디아 냉각 솔루션 분야 정식 파트너 등재",https://img.seoul.co.kr/img/upload/2026/09/27/SSC_20260927164430_N1.jpg.webp,LG전자가 엔비디아의 공식 파트너 프로그램인 ‘엔비디아 파트너 네트워크(NPN)’에서 인공지능(AI) 데이터센터 냉각 솔루션 분야인 ‘파워 앤드 쿨링’ 파트너로 선정됐다고 27일 밝혔다. NPN은 엔비디아의 AI 컴퓨팅 플랫폼과 기술 생태계를 기반으로 하드웨어·소프트웨어·서비스·인프라 기업들이 참여하는 글로벌 협력 프로그램이다. 엔비디아는 NPN을 통해 AI 데이터센터와 AI 팩토리 구축에 필요한 검증된 파트너와 솔루션을 고객사에 연결한다. 참여 기업은 기술 협력과 영업·마케팅 지원 등을 통해 글로벌 고객 접점을 확대할 수 있다. 이번 파트너 등재로 LG전자는 엔비디아 기술 기반의 AI 데이터센터를 구축하는 고객사에 고효율 냉각 솔루션을 제안할 기회를 확보했다. 특히 글로벌 기업들이 데이터센터를 기획하고 설계하는 초기 단계부터 LG전자의 칠러와 냉각수 분배장치(CDU)를 적용할 수 있는 기회가 확대됐다. 데이터센터 구축 초기부터 냉각 시스템을 설계하면 각 데이터센터 서버의 발열 특징에 맞춰 효율적으로 전력과 열을 관리하는 맞춤형 솔루션을 설치할 수 있다. LG전자는 앞서 국내 기업 최초로 600㎾ 및 1㎿급 CDU의 엔비디아 규격 승인 요건을 충족한 바,2026-09-27,https://www.seoul.co.kr/news/economy/industry/2026/09/27/20260927500071,서울신문
롯데마트 신상품 먼저 맛본다…‘파일럿 키친’ 운영,https://img.seoul.co.kr/img/upload/2026/09/27/SSC_20260927161123_N1.jpg.webp,"롯데마트가 대형마트 델리 및 간편식 시장에서 고객이 먼저 맛보고 상품을 출시하는 새로운 방식을 시도한다. 단순히 상품을 완성해 내놓던 기존의 방식을 탈피해, 개발 단계부터 실제 소비자의 목소리를 깊숙이 반영하겠다는 전략이다. 롯데마트는 지난 17일 서울시 송파구에 위치한 제타플렉스 잠실점 델리 코너에 ‘파일럿 키친’을 열었다고 27일 밝혔다. 최신 식음 트렌드와 시즌 원재료를 기반으로 기획된 출시 전 단계의 신상품을 매장에서 고객에게 직접 선보이고, 현장의 반응을 검증하는 테스트 공간이다. 기존 대형마트의 델리 신상품 개발은 MD와 제조 파트너사가 상품 콘셉트와 레시피 등을 기획한 후 내부 직원이나 별도로 섭외한 평가단을 대상으로 블라인드 관능평가 등을 진행하고 상품을 출시하는 방식이 일반적이다. 다만 이 방식은 일반 구매 고객의 세밀하고 다양한 선호도를 온전히 담아내기 어렵다는 한계가 있다. 이에 롯데마트는 파일럿 키친을 통해 상품 개발 단계부터 실제 고객이 직접 상품을 맛보고 평가하는 과정을 도입했다. 출시 전 단계에서부터 많은 고객의 의견을 확인함으로써 상품의 품질과 고객 기대감 간의 간극을 줄이고, 출시 후 발생하는 품질 리스크를 낮추겠다는 취지다",2026-09-27,https://www.seoul.co.kr/news/economy/2026/09/27/20260927500068,서울신문
주가 횡보에 금리 인상…예금 등 ‘역 머니무브’ 조짐,https://img.seoul.co.kr/img/upload/2026/09/27/SSC_20260927160711_N1.jpg.webp,"불확실성 커지며 안전 자산에 주목 코스피 회전율 0.5%…1년 새 최저 예금 회전율 5회 안팎 이어져 최고 코스피가 횡보하는 사이 증시에서 돈이 도는 속도가 느려진 반면, 은행권 예금의 회전 속도는 빨라지고 있다. 주식시장으로 향하던 돈이 예금 등 안전자산으로 이동하는 ‘역 머니무브’ 조짐이 나타나고 있다는 분석이다. 미국·이란 갈등과 인공지능(AI) 투자 불안 등 대외 불확실성이 커지면서 위험자산 선호가 약해진 영향이다. 27일 한국거래소에 따르면 이달 들어 지난 23일까지 코스피 시장 일평균 상장주식 회전율은 0.50%로 집계됐다. 올 상반기 주식시장 활황에 지난 3월 1.74%까지 뛰었던 수치가 6개월째 줄어든 것이다. 지난해 8월(0.50%) 이후 가장 낮은 수준이다. 상장주식 회전율은 일정 기간 거래된 주식 수를 상장주식 수로 나눈 수치로, 숫자가 클수록 거래가 활발했다는 뜻이다. 거래대금도 급감했다. 지난 5~6월 코스피 시장에서 하루 평균 50조원 넘는 주식이 거래됐는데, 이달에는 21조 4541억원에 그쳤다. 6월 50조 3471억원으로 정점을 찍은 뒤 7월 36조 8754억원, 8월 25조 8460억원 등 꾸준히 줄어 9월에는 6월의 절",2026-09-27,https://www.seoul.co.kr/news/economy/finance/2026/09/27/20260927500066,서울신문
“中으로” 5년간 반도체 기술 40건 해외로 샜다…핵심 기술도 뚫려,https://img.seoul.co.kr/img/upload/2026/09/14/SSC_20260914085739_N1.png.webp,,2026-09-27,https://www.seoul.co.kr/news/economy/2026/09/27/20260927500032,서울신문
멕시코서 한강라면 끓인 농심…샘스클럽 등 현지 유통망 확대,https://img.seoul.co.kr/img/upload/2026/09/27/SSC_20260927114408_N1.jpg.webp,"농심은 멕시코에서 열린 ‘멕시코 K-박람회’(2026 K-EXPO MEXICO)에 국내 라면 기업 중 단독으로 참가해 현지 시장 공략에 속도를 낸다고 27일 밝혔다. 이번 박람회를 계기로 중남미 지역의 유통망을 공격적으로 확장하며 글로벌 경쟁력을 더욱 강화한다는 전략이다. 농심은 지난 24~27일(현지시간) 멕시코시티 월드트레이드센터 국제전시컨벤션센터(CIEC WTC)에서 열린 박람회에 참가해 신라면 부스를 운영했다. 문화체육관광부가 주최하고 한국콘텐츠진흥원이 주관하는 이 박람회’는 B2C 전시 및 공연, B2B 수출상담회 등이 어우러진 종합 한류 행사다. 신라면 브랜드 세계관 ‘신버스’ 콘셉트로 꾸민 농심 부스는 앰배서더인 ‘에스파’(aespa) 포토존을 부스 곳곳에 배치해 관람객의 눈길을 끌었다. ‘한강라면 조리기’를 설치해 방문객들에게 현장에서 갓 끓인 신라면과 신라면 툼바를 제공했다. 현장에서는 조용철 농심 대표이사가 직접 비즈니스 미팅을 진두지휘하며 중남미 핵심 유통사들과의 실질적인 성과를 이끌어냈다. 용기면 선호도가 높은 현지 트렌드에 맞춰 멕시코 내 170여개 매장을 보유한 ‘샘스클럽’과 손잡고 신라면 큰사발 및 신라면 툼바 큰사발의 연내",2026-09-27,https://www.seoul.co.kr/news/economy/2026/09/27/20260927500030,서울신문
김구라 “‘골프 유튜브’로 월 4000만원 벌었다”…상위 1% 유튜버 수익은 무려 [이슈픽],https://img.seoul.co.kr/img/upload/2026/09/27/SSC_20260927063829_N1.jpg.webp,"방송인 김구라가 과거 유튜브 채널로 발생한 수익을 공개해 화제다. 지난 25일 유튜브 채널 ‘그리구라’에는 ‘부동산 사장님 밥 사줬더니 대박 난 개그맨?’이라는 제목의 영상이 게재됐다. 해당 영상에는 코미디언 미키광수가 게스트로 출연해 다양한 주제로 이야기를 나눴다. 미키광수는 자신의 유튜브 채널에 대해 “개인 채널이 있고, 토크쇼 형태의 채널을 운영하고 있다”며 “일정이 바쁘면 (편집을) 맡길 때도 있지만, 주로 직접 편집한다”고 밝혔다. 이어 “제 채널은 시청 시간도 길고 충성도가 있어서 같은 10만 뷰가 나와도 다른 채널의 10만 뷰와는 조금 다르더라”면서 “유튜브 수익만 해도 한 달에 1000만원 이상 찍었다”고 설명했다. 그러자 김구라는 2020년부터 운영한 골프 유튜브 채널 ‘김구라의 뻐꾸기 골프 TV’의 수익을 공개했다. 그는 “뻐꾸기 골프도 수익이 많이 나올 때는 3000만~4000만원이 나왔다”고 말해 놀라움을 안겼다. 해당 채널은 구독자 37만명을 보유하고 있다. 이를 듣던 김인만 소장이 “그럼 유튜브만 해도 되겠다”고 하자, 미키광수는 “그러기는 쉽지 않은 게 아이디어도 점점 고갈되고, 밤새 편집하다 보면 지친다”며 유튜브 운영 고",2026-09-27,https://www.seoul.co.kr/news/economy/2026/09/27/20260927500003,서울신문
"인플루언서 ‘새끼손가락 성추행’ 남성, 생방에 딱 걸렸다…발뺌하다 체포",https://img.seoul.co.kr/img/upload/2026/09/28/SSC_20260928082342_N1.jpg.webp,"미국 디즈니랜드에서 인터넷 생방송을 진행하던 멕시코 유명 인플루언서가 지나가던 남성에게 성추행을 당해 경찰에 신고했다. 당시 성추행을 당하는 장면이 방송 화면에 그대로 담기면서 남성은 경찰에 현장에서 체포됐다. 25일(현지시간) 뉴욕포스트에 따르면 멕시코 인플루언서 요아치 카스트로는 미국 캘리포니아주 애너하임 디즈니랜드의 상징인 성 앞에서 생방송을 하던 중 이 같은 피해를 입었다. 당시 카스트로는 일행과 함께 사진을 찍고 있었다. 이때 안경과 반바지 차림의 한 남성이 카스트로 옆을 지나치며 왼손 새끼손가락으로 카스트로의 엉덩이 부위를 접촉하는 듯한 모습이 카스트로의 카메라에 포착됐다. 카스트로는 즉시 남성에게 항의하며 등을 때렸다. 남성은 처음에는 “실수로 그랬다, 미안하다”고 사과하더니 이내 “무슨 소리를 하는 거냐”며 태도를 바꿨다. 카스트로가 “내가 왜 이런 일을 거짓으로 꾸며내겠느냐”며 강하게 반발하자, 남성은 유모차를 미는 여성 동행과 함께 성문 쪽으로 급히 자리를 피했다. 카스트로는 곧바로 근처 공원 직원과 디즈니랜드 보안팀에 피해 사실을 알리고 남성의 인상착의를 전달했다. 출동한 애너하임 경찰은 보안팀이 찾아낸 남성을 조사한 뒤 성추행 혐의",2026-09-28,https://www.seoul.co.kr/news/international/2026/09/28/20260928500008,서울신문
“기혼자 불륜? 뭐 어때”…‘이 나라’ 국민 52% 속마음 들춰보니 아연실색 [월드픽],https://img.seoul.co.kr/img/upload/2026/09/28/SSC_20260928063751_N1.jpg.webp,"영국 성인 절반 이상이 기혼자의 외도를 도덕적으로 문제 삼지 않는다는 조사 결과가 나왔다. 동성애나 이혼에 대한 사회적 인식은 지난 수십 년 동안 크게 변했지만 불륜을 바라보는 시선만큼은 과거에 머물러 있는 모양새다. 25일(현지시간) 영국 매체 더선에 따르면 여론조사기관 입소스 조사 결과 기혼자와의 성관계가 도덕적으로 잘못됐다고 답한 영국 성인은 48%에 그쳤다. 나머지 52%는 불륜을 괜찮다고 여기거나 별로 신경 쓰지 않는다고 답했다. 앞서 1989년 동일한 조사에서 불륜에 반대한 비율은 52%였다. 그간 영국 사회에서 동성애, 혼외 출산, 이혼 등을 바라보는 보수적 태도가 대폭 완화된 것과 비교하면 외도 문제에 대한 인식은 정체돼 있는 셈이다. 보고서를 작성한 알렉스 보그단 연구원은 “결혼 제도의 실효성에 대해서도 물었으나, 여전히 대부분의 응답자는 결혼의 가치를 높게 평가했다”고 설명했다. 다만 실제 혼인율은 감소세다. 현재 잉글랜드와 웨일스의 성인 중 결혼했거나 법적 동반자 관계를 유지하는 비율은 절반 미만으로 1991년(58%)보다 줄었다. 여론조사기관 유고브의 지난 7월 조사에서는 영국 성인 17%가 배우자나 연인을 두고 외도한 경험이 있다고",2026-09-28,https://www.seoul.co.kr/news/international/2026/09/28/20260928500004,서울신문
"트럼프와 시진핑, 친분만 과시했다",https://img.seoul.co.kr/img/upload/2026/09/27/SSC_20260927172813_N1.jpg.webp,"AI·희토류·대만 이견 못 좁힌 미중… 북한 비핵화도 빠졌다 도널드 트럼프 미국 대통령과 시진핑 중국 국가주석의 백악관 회담이 막을 내렸지만 양측이 외교적 수사로 친분을 과시한 것 외엔 눈에 띄는 성과물은 나오지 않았다. 인공지능(AI)과 중국의 희토류 수출 통제, 대만 문제, 중동전쟁 등이 의제에 올랐지만 양측은 발표문에서 입장 차를 보이며 동상이몽을 드러냈고, 5월 베이징 정상회담 때 명시됐던 ‘북한 비핵화’는 이번 회담 결과 발표에 보이지 않았다. 미국은 25일(현지시간) 백악관 팩트시트(설명자료) 형태로, 중국은 26일 관영 신화통신 발표를 통해 각각 회담 성과를 공개했다. 백악관은 팩트시트에서 미중 정상이 AI를 ‘슈퍼지능(SI)’으로 부르기로 합의하고 11월까지 후속 대화를 이어가기로 했다고 밝혔다. 중국 측은 미중이 AI 위험성 등과 관련해 소통 채널을 구축하기로 했다는 사실은 확인했지만, SI 대신 기존의 AI라는 표현을 그대로 유지해 엇박자를 보였다. 오히려 두 정상은 이번 회담에서 AI에 대한 시각 차를 보였다. 시 주석은 국빈 환영식 연설에서 “AI는 사람에 의해 통제돼야 한다”며 AI 위협론과 속도조절론을 일축한 트럼프 대통령과 다른",2026-09-28,https://www.seoul.co.kr/news/international/2026/09/28/20260928001005,서울신문
"대이란 봉쇄 먹혔나… 트럼프, 이란 ‘7일 평화안’ 걷어찼다",https://img.seoul.co.kr/img/upload/2026/09/27/SSC_20260927172719_N1.jpg.webp,"이란, 원유 제재 중단 등 요구하고 “7일간 준수하면 해협 개방·핵 협상” 美, 선거 전까지 경제 압박 가할 듯 이란 “美 첨단 무인 잠수정 나포” 도널드 트럼프 미국 대통령이 26일 호르무즈 해협 재개방을 위해 이란이 제시한 ‘7일 계획 평화안’을 거절했다고 26일(현지시간) 밝혔다. 트럼프 대통령은 이날 백악관에서 기자들과 만나 이렇게 밝히고 “이란은 심하게 패배하고 있어 호르무즈 해협을 즉시 개방하는 합의를 맺고 싶어 한다. 나도 합의하는 것을 좋아하지만 그 제안은 받아들일 수 없다”고 말했다. 이어 “어젯밤에도 호르무즈 해협에서 선박 29척이 나오는 등 엄청난 양의 석유가 운송되고 있다”면서 반면 이란의 석유는 미국의 ‘강철 벽’과 같은 봉쇄로 한 방울도 수출되지 못하고 있다고 주장했다. 앞서 유엔 총회 참석을 계기로 뉴욕을 방문한 아바스 아라그치 이란 외무장관은 중재국 카타르를 통해 이른바 ‘7일 계획’을 미국에 전달했다며 “필요한 조건이 충족되면 (호르무즈 해협) 통항이 재개될 수 있으며 7일 이내에 정상적인 해상 통행이 복귀될 수 있다”고 밝혔다. 아라그치 장관은 “미국이 해야 할 특정 조치들이 있다”며 “이런 조치들이 4∼5일 이내에 취해질",2026-09-28,https://www.seoul.co.kr/news/international/2026/09/28/20260928014008,서울신문
교황 방문에 80만명 운집한 프랑스 파리… “청년이 오늘날의 교회”,https://img.seoul.co.kr/img/upload/2026/09/27/SSC_20260927172731_N1.jpg.webp,"프랑스를 방문한 레오 14세 교황이 현지 가톨릭 청년 신도들의 열정과 헌신을 높이 평가했다. 26일(현지시간) BBC 등 외신에 따르면 교황은 프랑스 방문 둘째 날인 이날 전용 차량인 흰색 포프모빌을 타고 파리 개선문부터 콩코르드 광장으로 이어지는 약 2㎞ 구간의 샹젤리제 대로를 천천히 이동했다. 교황이 모습을 드러내자 거리를 가득 메운 시민들은 “레오, 레오”, “교황 만세”를 연호하며 열렬히 환호했다. 교황의 프랑스 공식 방문은 2008년 베네딕토 16세 교황 이후 18년 만으로, 샹젤리제 거리 전체가 축제 분위기로 물들었다고 외신들은 전했다. 이후 교황은 콩코르드 광장과 샹젤리제 거리 일대에서 대규모 야외 미사를 집전했다. ﻿이날 미사에는 에마뉘엘 마크롱 대통령의 부인 브리지트 마크롱 여사를 비롯해 국민연합(RN)의 대선 주자 마린 르펜, 명품 그룹 LVMH의 베르나르 아르노 회장 등 정·재계 주요 인사들이 참석했다. 다만 마크롱 대통령은 1905년 제정된 정교분리법(세속주의) 원칙에 따라 미사에 직접 참석하지는 않았다. 교황은 미사 강론을 통해 신자들에게 신앙을 혼자만 간직하지 말라고 당부했다. 교황은 “그 신앙이 밖으로 넘쳐흐르게 해 여러분이 만",2026-09-28,https://www.seoul.co.kr/news/international/europe/2026/09/28/20260928014007,서울신문
“EU와 너무 가까워” 불만에… 스위스 ‘중립국 지위 강화’ 국민투표,,"‘영원한 중립국’ 스위스가 수백년간 이어온 중립국 지위를 강화할지 여부를 결정하는 국민투표를 27일(현지시간) 실시한다고 AP통신 등이 26일 보도했다. 이번 투표는 우크라이나 전쟁 이후 러시아의 위협이 커지고 있는 가운데 스위스가 유럽과 지나치게 밀착하고 있다는 우파 진영의 주장에 따라 이뤄지게 됐으며 강경 보수 성향으로 스위스 최대 정당인 스위스인민당(SVP)이 주도했다. 스위스는 1815년 빈 회의에서 ‘중립국’으로 공식 인정을 받았으며, 1848년에는 헌법에 이를 명시했다. 이에따라 스위스는 다른 국가간 무력 충돌에 개입하지 않고 군사·방위 동맹에 가입하는 것도 제한된다. 하지만 우크라이나 전쟁 이후 스위스 정부는 유럽연합(EU)의 대러시아 제재에 동참하기로 결정하며 보수 진영에서는 ‘중립국 원칙’이 흔들리고 있다는 비판이 제기됐다. 국민투표가 통과되면 유엔 안전보장이사회 결의를 제외하고 무력분쟁 등을 이유로 한 독자 제재가 금지된다. 북대서양조약기구(나토)와 같은 군사 동맹과의 협력은 스위스가 공격받을 때만 가능하게 된다. 스위스는 나토와 공동 군사훈련을 해왔는데 이런 협력도 불가능하게 된다는 의미다. 최근 관련 여론조사에서는 반대가 우세해 이번",2026-09-28,https://www.seoul.co.kr/news/international/europe/2026/09/28/20260928014006,서울신문
미중 옛 동맹 부각에… 다카이치 ‘노심초사’,,미중 정상이 제2차 세계대전 당시 일본에 맞서 싸운 역사를 앞세워 양국의 우호 관계를 부각하자 일본 정부가 당혹감을 감추지 못하고 있다. 일본 내에서 중국의 대일 비판에 미국이 동조할 수 있다는 우려가 나오는 가운데 다카이치 사나에 일본 총리는 도널드 트럼프 미국 대통령과 전화 통화를 갖고 미일 동맹의 결속을 강조했다. 27일 니혼게이자이신문 등에 따르면 다카이치 총리는 전날 밤 트럼프 대통령과 약 20분간 통화하고 지난 24일(현지시간) 열린 미중 정상회담 결과를 전달받았다. 통화 후 총리관저에서 기자들과 만난 다카이치 총리는 “중국을 둘러싼 여러 현안을 중심으로 의견을 교환하고 미일 양국의 공조를 확인했다”고 밝혔다. 이번 통화는 미중 정상이 일본의 과거사를 매개로 양국의 역사적 연대를 부각한 가운데 이뤄졌다. 트럼프 대통령은 이번 회담에서 시진핑 중국 국가주석을 환영하며 중국을 ‘제2차 세계대전 당시의 동맹국’이라고 칭하고 일본과 싸웠던 미국인 의용병 등을 언급했다. 시 주석도 같은 날 국빈 만찬 연설에서 “80여년 전 양국 국민이 어깨를 나란히 하고 싸우며 일본 군국주의 침략자들에 맞섰다”며 “피와 불로 단련된 이 우정은 반드시 대대로 이어질 것”이라,2026-09-28,https://www.seoul.co.kr/news/international/japan/2026/09/28/20260928014005,서울신문
쓰레기 더미 속에서 일하던 181㎝ 20세女 ‘인생역전’…런웨이 모델 됐다 [월드픽],https://img.seoul.co.kr/img/upload/2026/09/27/SSC_20260927173456_N1.jpg.webp,"중국의 한 쓰레기 수거장에서 일하던 20대 여성이 뛰어난 외모와 모델로서의 재능을 인정받아 런웨이에 오른 사연이 알려지며 화제가 되고 있다. 27일 홍콩 사우스차이나모닝포스트(SCMP) 등에 따르면 중국 저장성 타이저우에서 남자친구 아버지의 쓰레기 수거·분류 일을 돕고 있는 20세 여성 렁밍후이가 최근 모델로 주목받고 있다. 렁밍후이는 지난해 7월 쓰레기 수거장에서 일하는 모습을 담은 영상이 온라인상에 퍼지면서 이름을 알렸다. 그는 키 181㎝, 몸무게 50㎏의 늘씬한 체격과 또렷한 이목구비가 지저분한 작업복과 쓰레기로 가득한 작업장과 대비되면서 누리꾼들의 관심을 끌었다. 누리꾼들은 “저 다리는 런웨이에 서야 한다”, “진짜 모델 같다”, “모델을 할 수밖에 없는 비율이다” 등 뜨거운 반응을 보였다. 렁밍후이를 눈여겨본 사람은 중국의 유명 남성 모델 루셴런이었다. 루셴런은 농촌에서 조부모의 손에 자랐다. 부모가 광둥성에서 일하는 동안 조부모와 생활한 그는 독학으로 모델 일을 시작했다. 루셴런은 논밭에서 독특한 워킹 영상을 촬영해 올리며 이름을 알렸고, 2019년에는 직접 만든 개성 있는 의상과 패션쇼를 선보이며 큰 인기를 얻었다. 이후 중국 패션위크를",2026-09-27,https://www.seoul.co.kr/news/international/topic-global/2026/09/27/20260927500080,서울신문
벌써 10번째 시신… 남아공 여성 연쇄 살인 공포 확산,https://img.seoul.co.kr/img/upload/2026/09/17/SSC_20260917162233_N1.jpg.webp,"남아프리카공화국 최대 도시 요하네스버그 인근에서 여성 대상 연쇄 살인 공포가 확산하는 가운데 범죄 희생자로 추정되는 10번째 시신이 발견됐다. 잇따른 여성 피살 사건에 오는 11월 지방선거를 앞두고 치안 문제가 선거 쟁점으로 떠올랐다. 26일(현지시간) AFP통신 등에 따르면 남아공 경찰은 요하네스버그 동부 에쿠룰레니 지역에서 10번째 여성 시신을 발견해 수사에 나섰다고 밝혔다. 경찰은 “현 단계에서는 시신이 발견되었다는 사실만 확인할 수 있다”며 “필요한 모든 전문 인력을 현장에 파견해 조사하고 있다”고 전했다. 앞서 에쿠룰레니에서는 지난 7~8월 반경 7㎞ 이내에서 여성 시신 3구가 잇따라 발견된 데 이어 이달 초에도 시신 6구가 추가로 발견돼 연쇄 살인 우려가 커졌다. 경찰에 따르면 앞서 발견된 피해자 9명 모두 20~30대 여성으로, 일부는 성폭행 흔적이 있거나 옷이 벗겨진 상태로 도로변 등에서 발견됐다. 경찰은 지난 17일 발견된 9번째 희생자 사건과 관련해서는 여성 2명을 살인 혐의로 체포해 기소했으나, 이 사건을 이전 살인 사건들과 직접 연관 짓지는 않았다. 경찰은 일부 사건에서 범행 수법 등 유사성을 확인했으나 동일범이나 동일 집단의 소행이",2026-09-28,https://www.seoul.co.kr/news/international/2026/09/28/20260928014001,서울신문
시진핑 연설에 대만 반박 “80년 전 미국과 함께 싸운건 우리”,https://img.seoul.co.kr/img/upload/2025/08/28/SSC_20250828181856_N1.png.webp,“용감한 미국 조종사들이 중국의 존립을 위해 자원해 중국으로 갔다” “80여년 전 양국 국민이 어깨를 나란히 하고 싸우며 일본 군국주의 침략자들에 맞섰다. 피와 불로 단련된 이 우정은 반드시 대대로 이어질 것” 도널드 트럼프 미국 대통령과 시진핑 중국 국가주석이 미중 협력의 상징으로 ‘플라잉 타이거(Flying Tigers·중국명 비호대)’를 언급하자 대만이 반발했다. 날카로운 이빨과 번뜩이는 눈알이 그려진 전투기 ‘비호대(플라잉 타이거)’는 2차 세계대전 당시 중일전쟁에서 일본군을 벌벌 떨게 만든 중국인들의 수호신이었다. 1941년 후반부터 1942년 중반까지 중국과 동남아시아 상공에서 일본 공군과 싸웠던 ‘비호대’는 미국 의용대로 출발했다가 이후 공식적으로 미 공군에 편입됐다. 문제는 마오쩌둥 주석이 신중국을 건국한 해는 1949년으로 플라잉 타이거가 활약할 당시의 중국은 지금의 대만이란 것이다. 지난 23~25일 사흘간의 미국 국빈 방문에서 시 주석은 대만 문제에 대해 트럼프 대통령을 한층 강하게 압박했다. 시 주석은 지난 24일 미중 정상회담에서 “미국이 ‘대만 독립’에 반대하는 올바른 입장을 견지하고 대만 문제를 신중히 처리하기 바란다”고 말,2026-09-27,https://www.seoul.co.kr/news/international/2026/09/27/20260927500074,서울신문
"트럼프, 이란 ‘7일 평화안’ 거부…11월 선거이후 공격재개하나",https://img.seoul.co.kr/img/upload/2026/09/27/SSC_20260927150450_N1.png.webp,"호르무즈 해협 재개방을 위해 이란이 제시한 ‘7일 평화안’을 도널드 트럼프 미국 대통령이 거부했다. 트럼프 대통령은 26일(현지시간) 백악관에서 기자들과 만나 이란의 제안을 거절했다며 “이란은 심하게 패배하고 있어 호르무즈 해협을 즉시 개방하는 합의를 맺고 싶어한다”면서 “나도 합의하는 것을 좋아하지만, 그 제안은 받아들일 수 없다”고 말했다. 이어 “어젯밤에도 호르무즈 해협에서 29척의 선박이 나오는 등 엄청난 양의 석유가 운송되고 있다”면서 반면 이란의 석유는 미국의 ‘강철 벽’과 같은 봉쇄로 한 방울도 수출되지 못한다고 주장했다. 전날 트럼프 대통령이 이란의 제안을 거부할 것이라고 했던 월스트리트저널(WSJ)은 그가 참모들에게 11월 중간선거 이후 대이란 폭격을 재개할 것이라고 말했다고 보도했다. 아바스 아락치 이란 외무장관은 동결된 이란 자산과 석유 제재, 미국의 해상봉쇄를 해제하고 이스라엘이 레바논 공격을 일주일간 중단하면 7일째 호르무즈 해협을 재개방한다고 제안했는데, 외교적 소통을 게속하겠다는 입장을 보였다. 그는 트럼프 대통령의 거부 발언 이후 “아직 중재자로부터 전해 받은 것은 없다”면서 미국의 공식 답변을 기다리겠다고 했다. 유엔",2026-09-27,https://www.seoul.co.kr/news/international/2026/09/27/20260927500056,서울신문
"“쇼한다”…한국 뒤통수 친 젤렌스키에, 우크라도 북한군 포로 송환 공개 놓고 설전 [배틀라인]",https://img.seoul.co.kr/img/upload/2026/08/09/SSC_20260809210222_N1.jpg.webp,"[배틀라인 3줄 요약] ● 우크라이나 내부에서 북한군 포로 2명의 한국행 공개를 놓고 설전이 벌어졌다. ● 우크라이나 잠룡으로 꼽히는 잘루즈니 주영우크라대사의 미디어 고문은 “한국과 우크라이나 간 비공개 합의가 있었다”고 주장했지만, 젤렌스키 대통령의 커뮤니케이션 보좌관은 “그런 합의는 없었다”고 반박했다. ● 한국 정부는 ‘조용히 처리한다’는 양해에 북한군 포로 2명의 한국행 사실도 공개하지 않는다는 뜻이 포함됐다고 본 반면, 우크라이나는 송환 과정의 세부 사항을 비공개하기로 했을 뿐, 한국행 사실까지 숨기기로 한 약속은 없었다고 맞서고 있다. 볼로디미르 젤렌스키 우크라이나 대통령이 북한군 포로 2명의 한국행을 공개한 것을 두고 우크라이나 내부에서도 공개 설전이 벌어졌다. 우크라이나 잠룡으로 꼽히는 발레리 잘루즈니 주영 우크라이나 대사의 미디어 고문은 “양국 간 비공개 합의가 있었다”며 젤렌스키 대통령을 비판했고, 젤렌스키 대통령의 커뮤니케이션 보좌관은 “그런 합의는 없었다”고 맞섰다. 북한군 포로 송환 과정에서 한국과 우크라이나가 비공개 약속의 범위를 달리 받아들이는 가운데, 논란이 우크라이나 내부로도 번진 것이다. 잘루즈니 측 “비공개 합의 있",2026-09-27,https://www.seoul.co.kr/news/international/2026/09/27/20260927500055,서울신문
막 내린 美中 회담...‘친분’ 과시했지만 AI·희토류 등 ‘동상이몽’,https://img.seoul.co.kr/img/upload/2026/09/27/SSC_20260927144709_N1.jpg.webp,"시진핑 “AI, 인간의 의해 통제돼야”...트럼프와 차이 2박3일 극진 예우...11월 APEC 등서 추가 만남 예고 도널드 트럼프 미국 대통령과 시진핑 중국 국가주석의 백악관 회담이 막을 내렸지만 양측이 외교적 수사로 친분을 과시한 것 외엔 눈에 띄는 성과물은 나오지 않았다. 미국은 팩트시트(설명자료) 형태로, 중국은 관영 신화통신 발표로 각각 회담 성과를 공개했는데, 적지않은 온도차가 확인됐다. 26일(현지시간) 백악관이 발표한 팩트시트를 보면 두 정상은 AI를 ‘슈퍼지능(SI)’으로 부르기로 합의하고 11월까지 후속 대화를 이어가기로 했다. 중국 측은 미중이 AI 위험성 등과 관련해 소통 채널을 구축하기로 했다는 사실은 확인했지만, SI 대신 기존의 AI라는 표현을 그대로 유지해 엇박자를 보였다. 오히려 두 정상은 이번 회담에서 AI에 대한 시각 차를 보였다. 시 주석은 국빈 환영식 연설에서 “AI는 사람에 의해 통제돼야 한다”며 AI 위협론과 속도조절론을 일축한 트럼프 대통령과 다른 생각임을 밝혔다. 이에 따라 양측의 소통 채널이 제대로 가동될지 의문이 제기되며, AI 패권 다툼을 벌이는 두 국가가 경쟁을 자제할 가능성도 높지 않다는 분석이",2026-09-27,https://www.seoul.co.kr/news/international/2026/09/27/20260927500054,서울신문
미중 ‘과거 동맹’ 부각 당혹...日다카이치 “미일 가장 신뢰하는 동맹”,https://img.seoul.co.kr/img/upload/2026/09/25/SSC_20260925103415_N1.jpg.webp,"미중, 2차대전 당시 공동 항전 부각 日, 중국의 대일 비판에 美 동조 우려 다카이치 “미일 가장 신뢰하는 동맹” 미중 정상이 제2차 세계대전 당시 일본에 맞서 싸운 역사를 앞세워 양국의 우호 관계를 부각하자 일본 정부가 당혹감을 감추지 못하고 있다. 일본 내에서 중국의 대일 비판에 미국이 동조할 수 있다는 우려가 나오는 가운데 다카이치 사나에 일본 총리는 도널드 트럼프 미국 대통령과 전화 통화를 갖고 미일 동맹의 결속을 강조했다. 27일 니혼게이자이신문 등에 따르면 다카이치 총리는 전날 밤 트럼프 대통령과 약 20분간 통화하고 지난 24일(현지시간) 열린 미중 정상회담 결과를 전달받았다. 통화 후 총리관저에서 기자들과 만난 다카이치 총리는 “중국을 둘러싼 여러 현안을 중심으로 의견을 교환하고 미일 양국의 공조를 확인했다”고 밝혔다. 이번 통화는 미중 정상이 일본의 과거사를 매개로 양국의 역사적 연대를 부각한 가운데 이뤄졌다. 트럼프 대통령은 이번 회담에서 시진핑 중국 국가주석을 환영하며 중국을 ‘제2차 세계대전 당시의 동맹국’이라고 칭하고 일본과 싸웠던 미국인 의용병 등을 언급했다. 시 주석도 같은 날 국빈 만찬 연설에서 “80여년 전 양국 국민이 어깨",2026-09-27,https://www.seoul.co.kr/news/international/2026/09/27/20260927500053,서울신문
[포착] “군대 가기 싫다”는 학생들 1000명 신체검사 ‘발칵’…거리로 쏟아졌다,https://img.seoul.co.kr/img/upload/2026/09/27/SSC_20260927131001_N1.jpg.webp,"독일에서 징병제 재도입 가능성에 반대하는 학생들의 시위가 전국으로 번지고 있다. 27일(현지시간) 영국 BBC 방송에 따르면 독일 전역에서 학생들이 징병제 재도입에 반대하는 시위를 벌이고 있다. 시위 주최 단체의 벨라 브라이트너는 “연방정부가 징병제를 단계적으로 재도입하는 데 진지하게 나서고 있다”고 주장했다. 함부르크에서 열린 시위에서는 참가자들이 깃발을 흔들고 ‘우리는 당신들의 전쟁에 참여하지 않겠다’는 문구가 적힌 손팻말을 들었다. 러시아의 우크라이나 침공 이후 프리드리히 메르츠 독일 총리는 군사력 강화를 주요 국정 과제로 추진해왔다. 독일에서는 올해 1월 자원입대 방식의 새로운 군 복무 제도가 시행됐다. 자원자를 모집해 병력을 늘리는 것이 목적이다. 다만 안보 상황이 악화하거나 지원자가 목표에 미치지 못할 경우 독일 연방의회가 징병제 도입을 검토할 수 있도록 했다. 이에 따라 독일의 18세 청년들은 군 복무에 관심이 있는지, 입대할 의향이 있는지를 묻는 설문지를 받고 있다. 다만 설문 응답은 남성에게는 의무이고 여성에게는 선택 사항이다. 18세 남성은 군 복무 가능 여부를 판단하기 위한 신체검사도 받아야 한다. 함부르크에서 시위에 참여한",2026-09-27,https://www.seoul.co.kr/news/international/topic-global/2026/09/27/20260927500040,서울신문
“北日전 악몽” 3년전 ‘주먹 위협’ 그 선수 또 등장…경기 뒤 인사도 거부,https://img.seoul.co.kr/img/upload/2026/09/27/SSC_20260927115258_N1.jpg.webp,"2026 아이치·나고야 아시안게임 8강전에서 일본에 패한 북한 남자 축구 대표팀이 판정에 거세게 반발하며 경기 후 공식 정렬과 악수마저 거부해 비판을 받고 있다. 논란의 결승골 장면에는 3년 전 항저우 아시안게임 일본전에서 일본 스태프의 물병을 빼앗고 주먹을 들어 위협했던 북한 수비수 김유성이 다시 등장했다. 북한 U-23 대표팀은 26일 일본 아이치현 도요타 스타디움에서 열린 2026 아이치·나고야 아시안게임 남자 축구 8강에서 일본 U-21 대표팀에 0대 1로 패했다. 경기 후 북한 선수들은 통상적인 양 팀 선수·심판진 간 정렬과 인사에 응하지 않았다. 격분한 골키퍼 강주혁은 경기 종료 휘슬이 울리자 동료들에게 경기장을 빠져나가라는 듯 손짓했고, 선수들은 일본 선수들과 인사를 나누지 않은 채 북한 응원단이 있는 관중석 쪽으로 향했다. 다만 양 팀 감독은 경기 뒤 악수를 나눴다. 북한이 문제 삼은 것은 전반 39분 나온 일본의 결승골이었다. 당시 일본은 북한 수비진 뒤로 긴 패스를 넣었고, 이를 걷어내려던 김유성이 공격수 응와디케 우체와 경합하다 넘어졌다. 공을 따낸 응와디케는 그대로 골키퍼와 맞선 뒤 오른발 슈팅으로 골망을 흔들었다. 북한 선수들",2026-09-27,https://www.seoul.co.kr/news/sport/Asiangame2026-aichi-nagoya/2026/09/27/20260927500031,서울신문
"판다 핑핑·푸솽 “미국행”…판다외교 복원인가, ‘트로이 목마’인가",https://img.seoul.co.kr/img/upload/2026/09/27/SSC_20260927113428_N1.png.webp,"27일 새벽 중국 청두 판다기지에서 핑핑과 푸솽이 전세기를 타고 미국 애틀랜타 동물원으로 향했다. 중국 관영 신화통신은 판다 한 쌍이 지난 24일 미중정상회담 합의 결과에 따라 미국으로 10년간 임대된다고 보도했다. 수컷인 핑핑은 2020년 3월 17일에 태어났으며 나무타기에 능숙하다. 암컷 푸솽은 2020년 10월 18일에 출생했는데, 먹이를 찾는 능력이 뛰어나다고 사육사들이 전했다. 중국은 판다의 안전한 미국행을 위해 신선한 죽순, 대나무, 사과, 응급 약품 등을 충분히 준비했으며, 사전에 운송 적응 훈련까지 실시했다. 애틀랜타에 도착한 뒤에는 중국 사육사들이 상주하며 적응을 돕게 된다. 자이언트 판다 핑핑과 푸솽의 미국행은 지난해 12월부터 준비돼 중국 전문가팀은 애틀랜타 동물원과 여러 차례 온라인 및 오프라인 회의를 가졌다. 지난 9월 중순에는 중국 전문가들이 개보수된 미국 동물원 사육장을 직접 현장 시찰했다. 중국과 애틀랜타 동물원은 20년 이상 자이언트 판다 보존을 위한 공동 연구를 진행해 왔으며, 그동안 여러 중요한 성과를 거두었다. 지난 20년간 총 5번의 출산에서 7마리의 새끼를 성공적으로 키워냈는데, 이는 중국이 미국에서 거둔 최고의",2026-09-27,https://www.seoul.co.kr/news/international/2026/09/27/20260927500027,서울신문
李 “젤렌스키 아쉽다”에 왜곡 선동 나선 러 언론…野 겨냥 표현 갖다붙여 [배틀라인],https://img.seoul.co.kr/img/upload/2026/09/27/SSC_20260927103006_N1.jpg.webp,"[배틀라인 3줄 요약] ● 러시아 매체들이 이재명 대통령의 ‘살인자·매국노’ 발언을 젤렌스키 대통령을 겨냥한 말로 둔갑시켜 한·우 갈등을 부각하고 있다. ● 이 대통령은 북한군 포로 한국행을 공개한 젤렌스키 대통령에게 유감을 표했지만, 살인자·매국노라는 표현은 정부의 비공개 방침을 비판한 국내 야권을 겨냥한 것이었다. ● 양국이 ‘비공개 합의’ 여부를 놓고 맞서는 틈을 타 러시아 매체들은 이를 ‘한국도 우크라이나를 믿지 못한다’는 주장으로까지 확대하는 모양새다. 러시아 매체들이 이재명 대통령의 ‘살인자·매국노’ 발언을 볼로디미르 젤렌스키 우크라이나 대통령에 대한 직접 비난으로 재구성해 잇따라 보도하고 있다. 이 대통령이 북한군 포로 2명의 한국행을 공개한 젤렌스키 대통령에게 유감을 표한 것은 사실이지만, 문제의 표현은 정부의 비공개 조치를 비판한 국민의힘 등 국내 야권을 겨냥한 것이었다. 하지만 러시아는 북한군 포로 송환을 둘러싼 한국과 우크라이나의 실제 입장차에, 발언의 대상까지 뒤섞어 ‘한국도 우크라이나를 믿지 못한다’는 프레임으로 확대하고 있다. 러 매체, 李 발언 대상 바꿔 보도 러시아 일간 모스콥스키 콤소몰레츠(MK)는 25일(현지시간) ‘",2026-09-27,https://www.seoul.co.kr/news/international/2026/09/27/20260927500014,서울신문
"트럼프, 이란 휴전안 거절…“그 합의안 못 받아”",https://img.seoul.co.kr/img/upload/2026/09/27/SSC_20260927092956_N1.jpg.webp,"이란, 호르무즈 재개방 제안 “이란 크게 패배하고 있어” 도널드 트럼프 미국 대통령은 26일(현지시간) 이란이 미국에 호르무즈 해협 재개방을 위해 제안한 이른바 ‘7일 계획’ 평화안을 거절했다고 밝혔다. 외신에 따르면 트럼프 대통령은 이날 백악관에서 기자들과 만나 “내가 그들의 제안을 거절했다”고 말했다. 트럼퍼 대통령은 “(이란이) 너무나 크게 패배하고 있어서 해협을 즉시 개방하는 합의를 맺고 싶어 한다”며 “나도 역시 합의하는 것을 좋아한다. 하지만 그 합의안은 받아들일 수 없다”고 했다. 앞서 아바스 아라그치 이란 외무장관은 뉴욕에서 열린 유엔총회 참석을 계기로 미국이 모든 전선에서 적대 행위를 종식하는 등 조건이 충족되면 7일 이내에 호르무즈 해협에서 통항을 재개한다는 이른바 ‘7일 계획’ 휴전안을 제시했다. 휴전안에 대해 아라그치 장관은 “미국이 해야 할 조치들은 새로운 것이 아니다”라며 “이미 종전 양해각서(MOU)에 모두 담겨 있으며, 이미 미국의 약속 아래 있는 것들이므로 이행에 아무런 어려움이 없다”고 설명했다.",2026-09-27,https://www.seoul.co.kr/news/international/2026/09/27/20260927500009,서울신문
“노년에 외롭고 싶지 않다” 자녀 13명 낳은 중년 부부…온라인서 ‘갑론을박’[월드픽],https://img.seoul.co.kr/img/upload/2026/09/27/SSC_20260927000133_N1.jpg.webp,"중국의 한 부부가 자녀 13명을 둔 사연이 알려지면서 온라인에서 논쟁이 벌어지고 있다. 26일(현지시간) 홍콩 사우스차이나모닝포스트(SCMP)에 따르면 중국 광시좡족자치구 친저우의 한 농촌 마을에 사는 황씨(49) 부부는 결혼 22년 만에 13명의 자녀를 뒀다. 42세인 아내와 황씨 사이에서 태어난 자녀는 아들 8명, 딸 5명이다. 첫째 딸은 22세로 이미 결혼했으며, 막내는 두 살이다. 이 가족은 중국의 출산율 하락과 맞물려 현지 소셜미디어(SNS)에서 화제가 됐다. 중국 당국이 결혼과 출산을 장려하는 정책을 추진하는 가운데, 13명의 자녀를 둔 이들 부부의 사연이 주목받은 것이다. “아이들 목소리 들으면 행복”…온라인선 양육 여건 우려도 황씨는 “자녀가 많은 가정에서 생활하는 것에 큰 기쁨을 느낀다”면서 “아이들이 자신을 ‘아빠’라고 부르는 소리를 들을 때마다 행복하다”고 밝혔다. 그는 “대가족은 마을에서 괴롭힘을 당할 위험을 줄여주고, 노년에 외로움을 느끼지 않게 해줄 것이라고 확신한다”고 자녀를 많이 낳은 이유를 전했다. 하지만 부부의 선택을 둘러싼 온라인 여론은 엇갈렸다. 자녀가 많으면 서로 의지하며 살아갈 수 있다는 시각이 있는 반면, 경",2026-09-27,https://www.seoul.co.kr/news/international/china/2026/09/27/20260927500001,서울신문
‘유명 휴양지’ 보안 구멍 충격…한밤중 20대女 ‘숙소방’ 성폭행 미수에 발칵 [월드픽],https://img.seoul.co.kr/img/upload/2026/09/26/SSC_20260926180100_N1.png.webp,말레이시아의 유명 휴양지에서 혼자 여행하던 20대 중국인 여성 관광객이 한밤중 객실에 무단 침입한 남성에게 성폭행당할 뻔한 사건이 발생했다. 현지 경찰이 10대 용의자를 체포한 가운데 당국은 해당 리조트의 안전 관리 실태를 전면 조사하기로 했다. 21일(현지시간) 말레이시아 매체 ‘더 스타’에 따르면 이 사건은 지난 19일 새벽 3시쯤 사바주 셈포르나의 한 리조트에서 일어났다. 홀로 숙박 중이던 25세 중국인 여성 A씨는 자던 중 방 안에 침입한 낯선 남성을 발견했다. 여성은 공격받던 중 가까스로 빠져나와 근처 수풀에 몸을 숨겼다. 그리고 다음 날 아침 리조트 직원에게 발견될 때까지 그곳에서 버텼다. 이 과정에서 그는 몸 곳곳에 상처를 입었다. 셈포르나 경찰서는 20일 사건 관련자 조사를 통해 18세 남성을 체포했다고 밝혔다. 경찰은 주거침입 및 강제추행 목적의 폭행 혐의 등을 적용해 수사를 이어가고 있다. 사바주 정부도 곧바로 움직였다. 자프리 아리핀 주 관광·문화·환경부 장관은 “관광 당국에 해당 숙소의 영업 허가 여부와 안전·보안 대책을 즉시 살펴보라고 지시했다”며 “필요하면 관련 단속 기관과도 손을 맞잡을 것”이라고 말했다. 자프리 장관은 이번,2026-09-26,https://www.seoul.co.kr/news/international/2026/09/26/20260926500062,서울신문
"시진핑, 미국 국빈 방문 마치고 귀국…中관영매체 “미중 관계, 새로운 출발점”",https://img.seoul.co.kr/img/upload/2026/09/26/SSC_20260926171204_N1.jpg.webp,"시진핑 중국 국가주석이 미국 국빈 방문 일정을 마치고 26일 오후 베이징에 도착했다고 중국 관영신화통신이 보도했다. 시 주석은 미국을 방문해 도널드 트럼프 미국 대통령과 정상회담을 갖고 무역과 대만, 인공지능(AI), 한반도 문제 등 주요 현안에 대해 논의했다. 양국 정상은 무역 갈등의 확전을 막고 정상 간 소통을 이어가면서 미중 관계를 안정적으로 관리하기로 했다. 대만 문제와 관련해선 시 주석은 트럼프 대통령에게 ‘대만 독립’에 반대하는 입장을 유지해달라고 요구했다. 시 주석은 오는 11월 중국 선전에서 열리는 아시아태평양경제협력체(APEC) 정상회의에 트럼프 대통령의 참석을 초청했다. 백악관은 25일(현지시간) 홈페이지에 팩트시트를 공개하며 미중 정상이 AI의 위험과 혜택에 관한 의견을 교환하고 관련 사고가 발생할 때도 소통하기 위한 미중 대화 채널을 구축하는 데 합의했다고 전했다. 백악관은 “두 정상은 신기술을 지칭할 때 AI 대신 슈퍼지능, SI라는 용어를 사용하기로 합의했다”고 덧붙였다. 또 이란이 결코 핵무기를 보유해선 안 되며 어떤 국가나 기관도 국제 수로에 통행료를 부과하는 것이 허용돼선 안 된다는 데 동의했다고 밝혔다. 트럼프 대통",2026-09-26,https://www.seoul.co.kr/news/international/china/2026/09/26/20260926500057,서울신문
"“트럼프·시진핑, SI대화 구축 합의…이란 핵무기 보유 결코 안돼”",https://img.seoul.co.kr/img/upload/2026/09/26/SSC_20260926142207_N1.jpg.webp,"SI 사고 때 소통 위한 대화 채널 구축 합의 이란 핵무기·국제수로 통행료 불용에 동의 도널드 트럼프 미국 대통령과 시진핑 중국 국가주석이 미중 정상회담에서 인공지능(AI)의 위험과 혜택에 관한 의견을 교환하고, 관련 사고 때 소통을 위한 대화 채널 구축에 합의했다고 백악관이 25일(현지시간) 밝혔다. 백악관은 이날 홈페이지를 통해 공개한 ‘트럼프 대통령, 역사적 국빈 방문을 계기로 중국과 공정하고 호혜적 관계를 진전시키다’라는 제목의 팩트시트(설명자료)에서 “두 정상은 관련 신기술을 지칭할 때 AI 대신 슈퍼지능(SI·Super Intelligence)이라는 용어를 사용하기로 합의했다”며 이같이 전했다. SI 관련 다음 교류는 오는 11월까지 진행될 예정이라고 백악관은 설명했다. 시 주석이 트럼프 대통령 부부를 11월 중국 선전에서 열리는 아시아태평양경제협력체(APEC) 정상회의에 초대한 것을 염두에 둔 설명으로 보인다. 아울러 두 정상은 이란이 결코 핵무기를 보유해서는 안 되며, 어떤 국가나 기관도 국제 수로에 통행료를 부과하는 것이 허용돼서는 안 된다는 데 동의했다고 백악관은 전했다. 이는 호르무즈 해협에 대한 통제권을 주장하며 이곳을 오가는 선박에",2026-09-26,https://www.seoul.co.kr/news/international/USA-amrica/2026/09/26/20260926500044,서울신문
女선수 ‘생리 주기’로 돈 번다?…도박꾼 충격 분석에 SNS ‘비난 폭주’ [월드픽],https://img.seoul.co.kr/img/upload/2026/09/26/SSC_20260926123416_N1.jpg.webp,"인도의 한 소셜미디어(SNS) 이용자가 여자 크리켓 선수들의 생리 주기로 경기 성적을 점치고 그 결과를 스포츠 도박에 쓰겠다고 밝혔다. 선수들의 민감한 건강 정보를 어디서 구했는지 이를 돈벌이에 이용해도 되는지를 두고 비판이 거세다. 21일(현지시간) 인도 매체 뉴스18에 따르면 한 인스타그램 이용자는 최근 영상에서 크리켓 선수들의 과거 기록과 생리 주기 단계를 함께 분석한다고 주장했다. 그는 분석 결과를 보고 어디에 돈을 걸지 정한다고 덧붙였다. 그는 인도 대표 타자 스므리티 만다나를 예로 들었다. 만다나가 생리 주기의 단계마다 어떤 성적을 냈는지 비교해 일정한 흐름을 찾았고, 이를 토대로 여자 프리미어리그(WPL)에서의 활약을 내다볼 수 있다는 것이다. 하지만 이는 어디까지나 그의 주장이다. 영상만으로는 이 방법이 정말 믿을 만한지 알 수 없다. 그는 선수 한 명에 그치지 않았다. WPL 한 팀 전체를 같은 방식으로 분석했고 그 결과를 베팅에 활용할 생각이라고 말했다. 영상에는 “AI와 크리켓 데이터로 생리 주기 패턴과 경기력 사이에 연관성이 있는지 살펴봤다. WPL 성적을 예측하는 간단한 모델을 만들었다”는 설명을 붙였다. 발언이 알려지자 선수들의",2026-09-26,https://www.seoul.co.kr/news/international/2026/09/26/20260926500035,서울신문
"“트럼프, 이란 ‘7일 계획’ 거부…선거 후 폭격 가능성도”",https://img.seoul.co.kr/img/upload/2026/09/15/SSC_20260915081557_N1.jpg.webp,"도널드 트럼프 미국 대통령이 이란이 제시한 ‘7일 계획’을 거부했다고 미 일간 월스트리트저널(WSJ)이 25일(현지시간) 보도했다. 보도에 따르면 트럼프 대통령은 이란이 제안한 휴전안에 회의적이며, 다가오는 11월 미 중간선거 이후 이란을 상대로 한 폭격이 다시 시작될 가능성을 열어놨다고 미 당국자들은 전했다. 보도는 앞서 아바스 아라그치 이란 외무장관이 뉴욕에서 열린 유엔총회 참석해 ‘7일 계획’ 휴전안을 제시한 직후 나왔다. 아라그치 장관은 이날 미국 뉴욕 유엔본부에서 기자들과 만나 “이란은 카타르를 통해 미국에 구체적인 7일 계획을 전달했다”며 “필요한 조건이 충족되면 (호르무즈 해협) 통항이 재개될 수 있으며 7일 이내에 정상적인 해상 통행이 복귀될 수 있다”고 밝혔다. 호르무즈 해협 개방과 대이란 제재 해제를 맞바꾸는 구상을 제안한 셈이다. 그러나 트럼프 대통령은 이란이 자신의 요구에 부합할지 회의적이며, 이란에 대한 폭격 작전이 재개될 가능성이 높다고 참모진에게 말했다고 당국자는 덧붙였다.",2026-09-26,https://www.seoul.co.kr/news/international/2026/09/26/20260926500020,서울신문
이란 “호르무즈 ‘7일 내 개방’ 계획 전달…선택은 미국에”,https://img.seoul.co.kr/img/upload/2026/01/15/SSC_20260115180751_N1.jpg.webp,아바스 아라그치 이란 외무장관이 호르무즈 해협 재개방을 위한 ‘7일 계획’을 미국에 전달했다며 제시한 조건이 충족된다면 7일 이내에 통항이 시작될 수 있다고 25일(현지시간) 밝혔다. 아라그치 장관은 이날 미국 뉴욕 유엔본부에서 기자들과 만나 “이란은 카타르를 통해 미국에 구체적인 7일 계획을 전달했다”며 “필요한 조건이 충족되면 (호르무즈 해협) 통항이 재개될 수 있으며 7일 이내에 정상적인 해상 통행이 복귀될 수 있다”고 밝혔다. 이어 “이제 선택은 미국에 달려 있다”며 “이란은 강압적인 위협이나 협박을 받아들이지 않으며 압력에 굴복해 주권적 권리를 포기하지 않을 것”이라고 강조했다. 아라그치 장관은 답변을 언제 들을 수 있느냐는 질문에 “미국이 이 계획을 내일 수용한다면 (곧바로) 7일(의 기한)이 시작될 것”이라고 답했다. 그는 “미국이 해야 할 특정 조치들이 있다”며 “우리는 이러한 조치들이 4~5일 이내에 취해질 수 있다고 믿는다”고 했다. 이어 “따라서 6일째에는 해협을 개방하고 7일째에는 상호 합의된 주제에 대해 미국과의 대화가 최종적으로 시작될 것”이라고 덧붙였다. 아라그치 장관은 “미국이 해야 할 조치들은 새로운 것이 아니다”라며 “,2026-09-26,https://www.seoul.co.kr/news/international/2026/09/26/20260926500014,서울신문
시진핑 美 방문 마치고 귀국...28일 미중 무역협상 결과 발표,https://img.seoul.co.kr/img/upload/2026/09/26/SSC_20260926053749_N1.jpg.webp,"트럼프 부부와 차담 등으로 일정 마무리 11월 APEC, 12월 G20서 추가 만남 예고 시진핑 중국 국가주석이 25일(현지시간) 2박 3일간의 미국 국빈 방문 일정을 마치고 귀국길에 올랐다. 미국 측은 이번 정상회담을 계기로 진행된 중국과의 무역 협상에 진전이 있었으며, 오는 28일 결과를 공개하겠다고 예고했다. 시 주석은 이날 오후 워싱턴DC 인근 앤드루스 합동기지에서 전용기를 타고 중국으로 출발했다. 시 주석은 이날 도널드 트럼프 미국 대통령과 백악관에서 차담을 나누며 마지막 날 일정을 소화했다. 두 정상의 부인인 멜라니아 여사와 펑리위안 여사도 함께했다. 두 정상 부부는 잠시 사진 촬영을 위해 포즈를 취했다. 이때 취재진이 ‘이란에서 원유를 수입하지 말라고 중국에 요구했는가’ 등의 질문을 했지만 트럼프 대통령은 “모두 매우 고맙다”라고만 말하고 백악관 내부로 들어갔다. 두 정상 부부의 차담은 잠시 언론에 공개됐다. 트럼프 대통령은 “우리는 양국 모두에 매우 긍정적인 커다란 진전을 이뤘다”며 “우리는 앞으로 자주 대화할 것”이라고 말했다. 시 주석은 오는 11월 중국 선전에서 열리는 아시아태평양경제협력체(APEC) 정상회의에 트럼프 대통령",2026-09-26,https://www.seoul.co.kr/news/international/2026/09/26/20260926500005,서울신문
아내 암 치료비 위해 하루 14시간씩 일한 80대…3억 모인 ‘감동 사연’ [월드픽],https://img.seoul.co.kr/img/upload/2026/09/25/SSC_20260925233707_N1.png.webp,"미국에서 아내의 암 치료비를 마련하기 위해 81세의 나이에도 하루 14시간씩 일하던 남성의 사연이 알려지면서 온정의 손길이 이어지고 있다. 25일(현지시간) 미 뉴욕포스트 등에 따르면 미국 텍사스주에 사는 에린 하월은 최근 집 현관 보안카메라에 찍힌 영상을 보고 자신의 집으로 분실된 여행 가방을 배달하러 온 도널드 존슨(81)의 모습을 보게 됐다. 영상에는 존슨이 무거운 여행 가방을 들고 가파른 계단을 힘겹게 올라가는 모습이 담겼다. 하월은 이후 존슨의 사연을 알게 된 뒤 모금 운동을 시작했다. 그는 모금 사이트 고펀드미에 “얼마 전 현관 카메라를 확인하다가 분실된 여행 가방을 들고 가파른 계단을 천천히 힘겹게 올라오는 81세 남성을 봤다”며 “그는 몹시 지쳐 보였고, 한 걸음 한 걸음 내디딜 때마다 온 힘을 다하는 것 같았다”고 적었다. 이어 “그 나이에 그렇게 고된 육체노동을 하는 모습을 보는 것이 너무 마음 아팠다”며 “그가 일을 하는 것은 선택이 아니라 생계를 유지하기 위해서였다”고 말했다. 존슨은 아내 조세핀과 57년째 결혼 생활을 이어오고 있다. 조세핀이 암 진단을 받은 뒤 부부는 딸과 함께 살기 시작했지만, 치료비와 처방 약 비용이 계속 늘",2026-09-26,https://www.seoul.co.kr/news/international/topic-global/2026/09/25/20260925500084,서울신문
“우베 주세요!” 한국인들 난리 났는데…필리핀 “안 팔아” 이유 있었다 [월드픽],https://img.seoul.co.kr/img/upload/2026/09/25/SSC_20260925202813_N1.jpg.webp,"세계적인 인기를 끌고 있는 필리핀산 보라색 뿌리채소 ‘우베’(ube)가 공급 부족에 직면할 수 있다는 전망이 나왔다. 필리핀 정부가 최근 우베의 종묘 부족 등을 이유로 생우베 수출을 무기한 금지하면서다. 영국 파이낸셜타임스(FT)는 25일(현지시간) 필리핀 정부가 우베의 해외 수요가 급증하자 국내 생산 기반을 우선 확대하기 위해 생우베 수출을 금지했다고 보도했다. 우베는 필리핀에서 오래전부터 재배돼 온 전통 식재료로, 최근 몇 년 사이 소셜미디어(SNS)를 통해 세계적으로 인기를 끌었다. 특유의 선명한 보라색과 은은한 단맛, 고소하면서도 바닐라를 연상시키는 풍미 덕분에 커피와 디저트의 새로운 인기 식재료로 자리 잡았다. 프란시스코 티우 로렐 주니어 필리핀 농업장관은 최근 성명을 통해 “우리도 종묘가 심각하게 부족한 상황”이라며 “필리핀산 우베 품종을 활용해 경쟁할 수 있는 다른 국가에 종묘를 수출하고 싶지 않다”고 밝혔다. 필리핀 국가통계청에 따르면 올해 상반기 우베 생산량은 5660t으로 지난해 같은 기간보다 17% 증가했다. 그러나 로렐 장관은 우베 산업의 인기가 생산 능력보다 빠르게 커지고 있다고 지적했다. 필리핀 정부는 국내 생산량을 먼저 늘린",2026-09-25,https://www.seoul.co.kr/news/international/topic-global/2026/09/25/20260925500075,서울신문
“대만 미래는 대만인이”… 시진핑·트럼프 밀담에 제대로 뿔난 대만 [밀리터리노트],https://img.seoul.co.kr/img/upload/2026/05/21/SSC_20260521142937_N1.png.webp,"시진핑 중국 국가주석과 도널드 트럼프 미국 대통령의 정상회담에서 ‘대만 문제’가 주요 의제로 다뤄진 가운데 대만 정부가 “사실을 왜곡한 수법”이라며 강도 높게 반발하고 나섰다. 미중 정상 간 담판 이후 대만이 주권을 재확인하는 정면 대응에 나서면서 대만해협을 둘러싼 지정학적 긴장이 다시 고조되는 양상이다. 미중 정상회담서 압박 수위 높인 시진핑 시진핑 주석은 워싱턴 DC 백악관에서 열린 트럼프 대통령과의 정상회담 자리에서 “미국이 ‘대만 독립’에 반대하는 올바른 입장을 견지하고 대만 문제를 신중히 처리하기 바란다”고 요구했다. 시 주석은 “국가 통일과 영토 완전성을 지키려는 중국의 입장은 매우 분명하다”며 “대만 문제 처리 방식이 향후 미중 전략 협력과 양국 관계 발전의 핵심 기초가 될 것이다”고 했다. 대만 외교부 “중국공산당 정권, 우리 국민 대표 못 해” 직격 중국의 이런 행보에 대만 정부는 즉각 강하게 반발했다. 대만 외교부는 25일(현지시간) 홈페이지를 통해 “중국이 사실을 왜곡해 일방적으로 자국의 입장과 주장을 전달하는 일관된 수법을 쓰고 있다”고 비판했다. 특히 대만 외교부는 다음 핵심 원칙들을 강조하며 중국 측 주장을 정면으로 반",2026-09-25,https://www.seoul.co.kr/news/international/china/2026/09/25/20260925500073,서울신문
"김주형 맹활약도 11연속 패전 못 막았다…미국, 프레지던츠컵 최종일 역전 우승",https://img.seoul.co.kr/img/upload/2026/09/28/SSC_20260928080715_N1.jpg.webp,유럽을 뺀 세계 각국 선수로 구성된 인터내셔널 팀과 미국팀이 2년마다 겨루는 프레지던츠컵에서 미국이 11연속 우승했다. 김주형과 임성재의 활약에도 인터내셔널팀은 11연속 패배의 수모를 당했다. 미국은 28일(한국시간) 미국 일리노이주 시카고의 메디나CC에서 열린 프레지던츠컵 최종일 싱글 매치플레이 12경기에서 9승1무2패로 앞서 승점 합계 17-13으로 우승 트로피를 지켰다. 1994년 시작돼 올해 16회째인 프레지던츠컵에서 미국은 이번이 14번째 우승이다. 특히 미국은 2005년부터 치러진 11번 대회를 내리 우승했다. 인터내셔널 팀은 1998년에 한번 우승했을 뿐이다. 2003년에는 무승부로 끝났다. 미국은 전날까지 2명씩 짝을 이뤄 겨루는 포섬 매치와 포볼 매치 18경기에서 승점 7.5-10.5로 뒤졌지만 이날 싱글 매치에서는 압도적인 경기력으로 역전했다. 이날 싱글 매치에서 인터내셔널 팀에서는 김주형과 임성재 단 2명만 승리했다. 김주형은 세계랭킹 5위 윈덤 클라크를 맞아 3홀차 완승을 거뒀다. 김주형은 이번 대회에서 4승1패로 인터내셔널 팀에서 가장 뛰어난 활약을 펼쳤다. 임성재는 세계랭킹 8위 샘 번스를 3홀차로 제압했다. 그러나 김시우는,2026-09-28,https://www.seoul.co.kr/news/sport/golf/2026/09/28/20260928500007,서울신문
"전인지, LPGA 시즌 최고 순위 2위…니시무라는 생애 첫 우승",https://img.seoul.co.kr/img/upload/2026/09/28/SSC_20260928071949_N1.jpg.webp,긴 부상 후유증에서 벗어난 전인지가 시즌 최고 순위인 준우승을 차지했다. 전언지는 28일(한국시간) 미국 아칸소주 로저스의 피너클CC(파71)에서 열린 미국여자프로골프(LPGA) 투어 월마트 NW 아칸소 챔피언십(총상금 300만 달러) 최종 라운드에서 6언더파 65타를 쳤다. 최종합계 16언더파 197타를 적어낸 전인지는 우승자 니시무라 유나(일본)에 5타 뒤진 공동2위에 올랐다. 2위는 전인지가 이번 시즌에 거둔 최고 순위이다. 전인지는 비거리를 늘리기 위해 지면 반발력을 과도하게 사용하는 스윙을 하다 허리 통증이 심해져 한동안 성적을 내지 못했다. 그는 최근 불필요한 동작을 덜어내고 몸에 부담이 가지 않는 스윙을 익힌데다 심리적으로 성적에 대한 압박감을 털어내면서 자신감을 되찾았다고 밝힌 바 있다. 2024년과 작년 2년 동안 한번도 톱10에 들지 못했던 전인지는 올해는 이번이 세번째 톱10 입상이다. 그는 3월 포드 챔피언십에서 5위에 오른 뒤 메이저대회 US여자오픈에서 4위를 차지했다. 일본여자프로골프투어에서 6승을 올린 뒤 2023년 LPGA투어로 무대를 옮긴 니시무라는 처음 LPGA투어 대회 정상에 올랐다. 첫날 8언더파 63타를 쳐 선,2026-09-28,https://www.seoul.co.kr/news/sport/golf/2026/09/28/20260928500005,서울신문
이름값 떼고 원팀 일냈다… 시스템 K농구 ‘전성시대’,https://img.seoul.co.kr/img/upload/2026/09/27/SSC_20260927173713_N1.jpg.webp,"여자 대표팀, 일본에 75-70 승리 간판급 박지수·박지현 없이 우승 프로 경력 없는 박수호 감독 성과 남자팀 마줄스 ‘시스템 로테이션’ “우리만의 농구 띄우기 노력 적중” 남자 3X3 전원 대학생 최초 정상 이름값을 버렸다. 금메달을 목에 걸었다. 농구 전성시대가 열렸다. 박수호 감독이 이끄는 여자농구 대표팀은 지난 26일 일본 나고야 아이치 인터내셔널 아레나에서 열린 2026 아이치·나고야 아시안게임 여자농구 결승전에서 일본과 접전 끝에 75-70으로 승리했다. 이번 대회 농구 마지막 경기에서도 금메달을 따내면서 한국은 남녀 대표팀과 남자 3X3에서 금메달 3개, 여자 3X3에서 동메달 1개를 따냈다. 역대 최고 성적으로 전성기를 맞으면서 이번 아시안게임은 한국 농구 역사에 새로운 이정표를 세운 대회로 남게 됐다. 이름값을 앞세워 스타 지도자들이 스타 선수들에 의존해 결과를 낸 것이 아니라 무명에 가까운 지도자를 선발하고, 특정 선수에 의존하지 않는 농구로 얻은 결과이기 때문이다. 누군가 빠져도 그 자리를 대신할 선수가 팀 전력의 평균을 유지하는 어려운 임무를 해내면서 향후 한국 농구의 발전에 대한 기대감도 커졌다. 여자농구 핵심 선수인 박지수(청주",2026-09-28,https://www.seoul.co.kr/news/sport/Asiangame2026-aichi-nagoya/2026/09/28/20260928034005,서울신문
‘17세 스케이트보더’ 강준이 날고… 남동헌 ‘12년 만에 승마 정상’ 올랐다,https://img.seoul.co.kr/img/upload/2026/09/27/SSC_20260927173437_N1.jpg.webp,"강, 2차 시기 넘어져도 3차 완벽 일본 꺾고 한국 최초 ‘금빛 트릭’ 남, 단체전銀 이어 개인전서 金 20살 터울의 한국 대표 선수들이 각각 스케이트보드와 말로 금메달을 빚었다. 스케이트보드 ‘신성’ 강준이(17)는 강국 일본 선수들을 꺾고 금메달을 수확했다. 강준이는 27일 일본 아이치현 도코나메 아이치 스카이 엑스포에서 열린 2026 아이치·나고야 아시안게임 남자 스트리트 결승에서 최종 합계 180.85점을 받아 1위를 차지하며 시상대 가장 높은 곳에 섰다. 스케이트보드가 아시안게임 정식 종목으로 처음 채택된 2018년 자카르타·팔렘방 대회 이후 한국 선수가 이 종목에서 금메달을 따낸 것은 남녀를 통틀어 이번이 처음이다. 45초 동안 계단, 난간 등의 코스를 자유롭게 누비는 ‘런’(Run) 세션 1차 시기에서 84.83점을 받으며 기분 좋게 출발한 강준이는 2차 시기 막판에 넘어져 69.79점에 그쳤다. 하지만 이어진 3차 시기에서는 완벽한 주행을 펼치며 88.45점의 고득점을 기록했다. 단일 고난도 기술을 선보이는 ‘트릭’(Trick) 세션에서는 고난도 기술을 시도했다가 1, 2차 시기 모두 넘어져 0.00점을 받았다. 코치의 품에 안겨 눈물을",2026-09-28,https://www.seoul.co.kr/news/sport/Asiangame2026-aichi-nagoya/2026/09/28/20260928035004,서울신문
김도영에겐 ‘약속의 8회’가 있었다…한국 야구 日 꺾고 아시안게임 金,https://img.seoul.co.kr/img/upload/2026/09/27/SSC_20260927233436_N1.jpg.webp,"그 어떤 어려운 상황일지라도 대한민국 야구에는 ‘약속의 8회’가 있었다. 야구 대표팀이 어김없이 8회 드라마를 만들며 숙적 일본을 꺾고 아시안게임 5연패를 달성했다. 류지현 감독이 이끄는 야구 대표팀은 27일 일본 도요하시 시민구장에서 열린 2026 아이치·나고야 아시안게임 야구 결승전에서 일본을 3-1로 꺾고 우승을 차지했다. 이번 대회 남자농구를 시작으로 펼쳐진 8번째 한일전 결승 맞대결 승리다. 이틀 전 슈퍼라운드 1차전에서 일본에 0-5로 패했던 한국 야구는 가장 중요한 승부에서 설욕하며 대한민국 선수단에 21번째 금메달을 선물했다. 반드시 이겨야 하는 승부답게 ﻿한국은 KBO리그 1선발 곽빈(두산 베어스), 일본은 이틀 전 슈퍼라운드에서 7이닝 무실점으로 한국을 틀어막았던 히구치 신이 선발로 나섰다. 예상대로 경기는 팽팽한 투수전으로 전개됐다. 하루 쉬고 등판한 히구치였지만 만만치 않았다. 한국은 2회초 윤동희(롯데 자이언츠)가 우측 펜스를 맞히는 큼지막한 2루타를 날렸고 문현빈(한화 이글스)이 좌전 적시타를 때려내며 윤동희가 홈을 밟아 기세를 올렸지만 후속 타자들이 만루 기회를 살리지 못해 아쉬움을 남겼다. 이날 곽빈은 111구를 던지는 투혼을",2026-09-28,https://www.seoul.co.kr/news/sport/Asiangame2026-aichi-nagoya/2026/09/28/20260928035003,서울신문
"사브르 남녀 검객들, 일본 안방에서 ‘금빛 칼춤’",https://img.seoul.co.kr/img/upload/2026/09/28/SSC_20260928002820_N1.jpg.webp,"女 전하영 등 맹활약… 45-31 완승 男결승전, 오상욱 대역전극 이끌어 한국 남녀 검객들이 홈 팬의 일방적인 응원을 등에 업은 일본을 나란히 격파하고 아시아 정상에 올랐다. 전하영(서울특별시청), 김정미·서지연(이상 안산시청), 최세빈(대전광역시청)으로 구성된 펜싱 여자 대표팀은 27일 일본 아이치현 도코나메 아이치 스카이 엑스포에서 열린 사브르 단체전 결승에서 일본을 45-31로 물리치고 금메달을 목에 걸었다. 2014년 인천, 2018년 자카르타·팔렘방 대회 사브르 단체전 2연패를 달성했던 한국 여자 대표팀은 2022년 항저우 대회에서는 동메달에 그쳤지만 8년 만에 정상 탈환에 성공했다. 한국의 이번 대회 20번째 금메달이다. 전날 열린 남자 사브르 단체전에서는 ‘황제’ 오상욱(대전광역시청)이 사브르 최강자의 위엄을 증명했다. 9라운드까지인 단체전에서 6라운드까지 일본에 앞섰던 한국은 도경동(27·대구광역시청)이 7라운드에서 요시다 겐토에게 대량 실점하며 32-35로 역전을 허용했다. 팀원들에게 짐이 됐다고 낙담하며 피스트를 내려온 후배 도경동에게 오상욱은 “내가 해 줄 테니까 너무 신경 쓰지 마”라는 말을 남기고 피스트에 올랐고, 금메달을 가져오",2026-09-28,https://www.seoul.co.kr/news/sport/Asiangame2026-aichi-nagoya/2026/09/28/20260928034004,서울신문
빚 갚은 여자 핸드볼 … 일본 꺾고 8년 만에 아시아 정상 탈환,https://img.seoul.co.kr/img/upload/2026/09/27/SSC_20260927200740_N1.jpg.webp,"리그 최종전 27-23 승리로 조 1위 지난 대회 한일전 결승 패배 설욕 골키퍼 박새영 12차례 선방 ‘철벽’ 한국 여자 핸드볼 대표팀이 적진에서 일본을 꺾고 8년 만에 아시아 정상을 탈환했다. 일본에 밀려 은메달에 그쳤던 2022 항저우 아시안게임의 아픔도 설욕했다. 이계청 감독이 이끄는 대표팀은 27일 일본 아이치현 이나자와 엔트리오에서 열린 2026 아이치·나고야 아시안게임 풀리그 최종 6차전에서 디펜딩 챔피언 일본을 27-23으로 꺾으며 6전 전승으로 금메달을 목에 걸었다. 2018년 자카르타·팔렘방 대회 이후 8년 만의 아시안게임 우승이다. 한국은 여자 핸드볼이 처음 대회 정식 종목에 채택된 1990년 베이징 대회 초대 챔피언을 시작으로 2006년 도하 대회까지 5회 연속 정상을 지켰다. 다만 2010년 광저우 대회에서는 동메달로 대회를 마쳤고, 2014년 인천 대회 우승부터 3연패에 도전했으나 항저우에서 일본에 10점 차이로 패하며 눈물을 삼켰다. 이번 대회는 ﻿각 나라가 한 번씩 모두 맞붙어 순위를 정하는 풀리그 방식으로 진행됐다. 한국과 일본은 앞선 5경기를 모두 이겼고, ﻿두 나라의 최종전이 금메달의 주인을 가리는 결승전이 됐다. 전반 초",2026-09-28,https://www.seoul.co.kr/news/sport/Asiangame2026-aichi-nagoya/2026/09/28/20260928034003,서울신문
41.7세 ‘오락실 아재들’ 금… “물리치료로 살았죠”,https://img.seoul.co.kr/img/upload/2026/09/27/SSC_20260927173128_N1.jpg.webp,"순발력 생명 ‘대전격투’ 경륜 발휘 한 달 합숙하며 규칙적으로 훈련 “독박육아 감당한 아내에게 감사” “40대들이 보고 힘 받으면 좋겠다” 100원짜리 동전을 들고 오락실을 누비던 소년들이 40대 ‘아재’가 되어 아시안게임 격투게임 금메달리스트가 됐다. 이광노(44·더 킹 오브 파이터즈 15), 배재민(41·철권 8), 연제길(39·스트리트 파이터 6)로 구성된 한국 e스포츠 대전격투 대표팀은 26일 일본 아이치 스카이 엑스포에서 열린 2026 아이치·나고야 아시안게임 결승에서 일본을 5-2로 꺾었다. 격투게임 종주국 일본의 안방에서 거둔 값진 역전승인 동시에 한국 e스포츠가 이번 대회에서 따낸 첫 금메달이었다. e스포츠는 통상 젊은 선수들의 반응 속도와 순발력이 경쟁력을 좌우하는 무대로 여겨진다. 그러나 한국 대표팀은 통념을 뒤집었다. 한국 대표팀 평균 나이는 41.7세였다. 오랜 실전 경험은 강력한 장점인 반면, ‘저질체력’이 문제였다. 최고령 이광노에게 합숙은 모니터보다 의자와의 싸움이었다. 서너 시간 연습하면 물리치료를 받고 다시 연습을 하는 생활이 반복됐다. 그는 한 시간 게임 뒤 20분은 꼭 쉬어야 했다. 이광노는 “물리치료를 하루에 한 시",2026-09-28,https://www.seoul.co.kr/news/peoples/2026/09/28/20260928023007,서울신문
"북한, 금메달 6개 모두 역도서 땄다… LA올림픽 정조준",https://img.seoul.co.kr/img/upload/2026/09/28/SSC_20260928002438_N1.jpg.webp,"북한이 2026 아이치·나고야 아시안게임에서 역도 종목에서 연일 금메달 소식을 쏟아내며 2028 로스앤젤레스(LA) 올림픽 우승 기대감을 높이고 있다. 북한 역도 대표팀은 27일 송국향(25)이 일본 나고야 중소기업진흥회관에서 열린 역도 여자 69㎏급에서 세계신기록을 갈아치우며 정상에 올랐다. 송국향이 금메달을 추가하면서 북한은 이번 대회 6번째 금메달을 모두 역도에서 챙겼다. 송국향은 이날 인상 121㎏·용상 152㎏·합계 273㎏을 들어 지난해 노르웨이 푀르데 세계선구권에서 자신이 세웠던 세계 기록(인상 120㎏·용상 150㎏·합계 270㎏)을 모두 갈아치웠다. 북한 여자 역도는 이 대회에 출전한 5개 체급을 모두 석권했다. 리성금(28)이 지난 23일 인상 94㎏, 용상 121㎏, 합계 215㎏을 들어 올리며 금메달을 목에 거는 것으로 금메달 행진을 시작했다. 리성금은 2018 자카르타·팔렘방 아시안게임, 2022 항저우 아시안게임에 이어 3회 연속 정상을 차지했다. 이날 강현경(27)도 여자 53㎏급에서 금메달을 수확했고, 24일에는 남자 65㎏급 박명진(23), 25일에는 오광옥(24)이 여자 57㎏급에서 금메달을 땄다. 26일에는 남자 70㎏급",2026-09-28,https://www.seoul.co.kr/news/peoples/2026/09/28/20260928023005,서울신문
‘약속의 8회’로 이룬 5연속 금메달…韓 일본 3-1로 꺾어,https://img.seoul.co.kr/img/upload/2026/09/27/SSC_20260927221726_N1.jpg.webp,"그 어떤 어려운 상황일지라도 대한민국 야구에는 ‘약속의 8회’가 있었다. 야구 대표팀이 어김없이 8회 드라마를 만들며 숙적 일본을 꺾고 아시안게임 5연패를 달성했다. 류지현 감독이 이끄는 야구 대표팀은 27일 일본 도요하시 시민구장에서 열린 2026 아이치·나고야 아시안게임 야구 결승전에서 일본을 3-1로 꺾고 우승했다. 이번 대회 남자농구를 시작으로 펼쳐진 8번째 한일전 결승 맞대결 승리다. 이틀 전 슈퍼라운드 1차전에서 일본에 0-5로 패했던 한국 야구는 가장 중요한 승부에서 설욕하며 대한민국 선수단에 21번째 금메달을 선물했다. 반드시 이겨야 하는 승부답게 양 팀 모두 극강의 선발을 내세웠다. 한국은 KBO리그 1선발 곽빈(두산 베어스), 일본은 이틀 전 슈퍼라운드에서 7이닝 무실점으로 한국을 틀어막았던 히구치 신이 선발로 나섰다. 예상대로 경기는 팽팽한 투수전으로 전개됐다. 하루 쉬고 등판한 히구치였지만 만만치 않았다. 한국은 2회초 윤동희(롯데 자이언츠)가 우측 펜스를 맞히는 큼지막한 2루타를 날렸고 문현빈(한화 이글스)이 좌전 적시타를 때려내며 윤동희가 홈을 밟아 기세를 올렸지만 후속 타자들이 만루 기회를 살리지 못해 아쉬움을 남겼다. 이",2026-09-27,https://www.seoul.co.kr/news/sport/Asiangame2026-aichi-nagoya/2026/09/27/20260927500100,서울신문
